temperature,weight,tail_length,altitude,age
0.5942264153546291,-0.67139702735177,-0.7032904963169596,0.5692422693161608,-0.43891345546111665
-1.1518343139249425,1.2681191305154966,1.309551057871594,-0.9492034624090716,-1.941706163840396
-0.6810644259563481,0.5462341641322269,0.4127417231106372,0.3383131115926615,0.7544341007904946
-0.291596529145078,0.4378465948195674,0.5712479762943581,-0.7148048260152067,0.23858350979682558
0.9780653880289775,-1.114779424529815,-1.1933348670244641,0.9516068128777987,0.8528188410765961
-0.4770070495577559,0.4065928375855285,0.3106182724107431,0.09294095097178522,-1.8377030205865887
0.3919503820718614,-0.32805569711595856,-0.2618891527646774,-0.14446536003716884,-0.9700435852408252
1.6344351013706875,-1.4326242888409892,-1.2069329533754412,-0.24335681354302804,-0.3900766402423344
-1.0614485931345508,0.9813405807194634,0.8922562717018447,-0.014869145515431873,-1.3231460483487725
-0.20949115998663176,0.4888684065739738,0.709990338645921,-1.3141595029871314,-1.8106246241495703
-0.4937850697418635,0.23406779596486177,0.014640878795152001,0.9663881476917381,-0.26923866468180396
0.3180916531571794,-0.3270547911275615,-0.30838511413119185,0.17568889457193632,0.21144989387184318
1.6183406116939192,-1.4329721610047608,-1.2238803147078816,-0.16449619469824464,-1.4781593320601514
-0.26383170171417336,0.6021820432100546,0.863764739410503,-1.6043155563699438,-2.4782314099430263
-1.0319941661262866,1.0440763076682977,1.0146311606735023,-0.4346727891472768,1.9159682391761963
2.016409540810726,-1.8441534661872079,-1.6448781916541515,0.08038999053667437,-0.6175967707968998
0.12493204473913198,0.1581904733576788,0.37591487548663305,-1.2407653317219183,2.8649092105804352
-0.2651356800036969,0.5305674634521018,0.7433312386678568,-1.2641600493846346,-0.3017398660257661
-0.9995908686003401,0.9901258819598222,0.9458521338379351,-0.326285233585111,0.44186893017892576
0.8115386553741125,-0.7223896497807464,-0.6467176299575639,-0.14836796841420774,0.169304571477613
0.7433102659234968,-0.8302752507286011,-0.8713620730637032,0.6554946819770845,1.4077127177993392
-1.0356797795439978,1.0006309968361422,0.9404386957753492,-0.21708148929642915,0.7535756875263783
-0.5780822704918486,0.39412538312010126,0.2261654046161613,0.5930397857176252,-0.18115729490109858
-1.1046675852514354,1.1464645118540242,1.138102514853907,-0.5914611031297394,0.5196112956554061
-0.36881797007283007,0.61551801681311,0.8175661006507365,-1.2048648452270807,0.3220215454775088
0.5329945745161421,-0.50486831683256,-0.4651509528738994,0.06089396379980383,-0.0242689502527287
0.13030172475153137,-0.1167720452445543,-0.07971982616176157,0.019619343779898043,-1.4690091395548939
-0.2862047688687131,-0.043232188846129886,-0.31296559355062104,1.3439485556668003,-0.2713346715604012
0.4498601086090346,-0.4130961399168012,-0.3661248886307401,-0.0020346048183778965,0.6598811134942641
0.2455203525765711,-0.14859774243130447,-0.05772252932886538,-0.3384909495251136,-2.5933784147824617
-0.6572891146416961,1.1513119411594182,1.5241151748414767,-2.4381906551358736,0.012316284643724027
-0.733497082242107,0.7235518042224691,0.6729396574979737,-0.2545061327872331,-1.4581547809134174
0.4856781925392727,-0.5829661389647712,-0.6264174574744118,0.6336854624324325,-1.0183003930318568
-0.3824516121592824,0.19257076675342724,0.016306673103069953,0.6716444226626963,1.632646682984331
0.6780624524136756,-0.78552785222306,-0.8391938355622945,0.7334941702477156,-0.271157705376879
-0.06747003372002171,0.23863289626344056,0.3847629997717991,-0.7702317262731453,0.12645223416498802
-0.8715365899430848,0.8625915878217909,0.8157589080131987,-0.295225520298255,0.6732397241335546
-0.9206336140997291,0.8573340478286742,0.7760569745752285,-0.056006578387674116,-1.3282201105863176
-0.7169344756646637,0.701295661352769,0.6465841316091717,-0.22377501833621877,0.07755758244710095
0.17917033773729413,-0.40922814742094843,-0.6244887293460196,1.0047496945771301,-1.0098221564843584
-0.49785093864817787,0.4307797702141339,0.33746394408117303,0.07199045143462075,0.7073627734509468
-0.6614894806074589,0.5583778133929926,0.44519085789108587,0.19634475354913813,0.8070819060799446
0.4415442769336694,-0.33920666471646993,-0.24816633380535824,-0.3105056544425944,0.3050634060026828
-0.8813218605588639,0.7732497103043998,0.6617947495317325,0.16188737126666333,0.45419188747627015
1.9104368681562371,-1.742090565059345,-1.547612870277124,0.053899829338799575,0.8562553151234346
-0.6424635793124489,0.4176933824792757,0.2244930214204151,0.7654704479194938,0.536649116727255
2.0153871863689266,-1.871360372072584,-1.7003625766817931,0.2275686627432747,-0.23946064717517765
-0.6923250621135278,0.5388080098426808,0.39334657901919,0.4220238323087786,-1.142542703112794
-0.940894344264859,0.8916884856646284,0.8200894732400296,-0.12665743194046913,0.10624422538657659
-0.5962065418468083,0.4717619978527863,0.34314221632654535,0.31233290523101287,1.295091740869345
0.4677242761307734,-0.452792884744399,-0.4207609179534779,0.10477241149953781,0.5307212070603381
0.47031447895606293,-0.4782115998885187,-0.4615162600030553,0.2120792884144265,-0.508713584642446
0.6979781441205329,-0.384962206677713,-0.05570609346405159,-1.239703713890354,1.000372932498408
1.5907746301825902,-1.3504494561134215,-1.0865530943231292,-0.46411465322499545,-0.7735324311093097
0.9769701155079028,-1.170523624083421,-1.2871316591106596,1.2167340699124396,-1.3459693280230596
-1.4400553712675563,1.7214404049061487,1.8773974560081708,-1.7901386879352046,0.2327590054745644
-0.8043889084594872,0.7081066657214208,0.6026223282581362,0.12732425455620852,-1.2014335386453479
-0.4291304073620711,0.1641833462848355,-0.06012837118290256,1.007539131223131,0.19315772075691523
2.2256584162924558,-2.0924027471540336,-1.9304405682479975,0.3770318228489096,1.7447752724934211
1.0739897895685593,-0.9255485989548919,-0.7579681179640742,-0.21247935636088572,0.10876690831525558
-0.22294390849483656,-0.08477754012396005,-0.3417379816179297,1.2597849957946694,-0.515641190156946
-0.5030930903018705,0.8598785348759124,1.1380348801551512,-1.7554246772803062,-0.9490873361321629
-0.1521608347073187,-0.16914984813987785,-0.43660214830855326,1.3413021032091499,-0.8491183994336217
-0.7292037195830785,0.609166412854196,0.48644059923187405,0.25713278957110824,-0.29650822830356555
-1.809273741219052,2.1468989855446208,2.3480043522974507,-2.1474414779615385,-0.9210105198493979
-1.0644656973708002,1.0870266873424188,1.0651713944784986,-0.49175255766927806,0.26201969008681014
-0.5479749086216104,0.5438747870141365,0.49288611698020857,-0.2331191830199221,-0.16775597726593275
0.09835884032139372,0.1380589508540403,0.3249691253909065,-1.0298885222318293,-0.25880001681456755
0.48030609467209756,-0.5144061652360806,-0.5154384158817332,0.33715529585797194,0.5811348674791421
-0.754412896515362,0.6158642006813854,0.48159992296714943,0.33638425666585575,-0.28991063413157037
0.38766399616255287,-0.9420988923183574,-1.3742702404781824,2.56344143153466,-1.8030297956019248
-0.3815351415305949,0.19215105122750092,0.016191160484924454,0.6695804272486235,0.5561225784268028
-0.36620214667137263,0.08351972108396072,-0.15381820875582336,1.106229497097462,1.2033285106638094
1.4937597208485727,-1.3106704379239094,-1.1048982026006307,-0.2077558959473335,-0.08153127660867351
-0.21385748934739673,-0.15066225431404284,-0.4449828918080614,1.5255440172736892,0.19700891117056438
0.5282509106910426,-0.5061834176406211,-0.4704405289090346,0.08789760220026123,1.366117634664828
-1.101089689720258,1.264934351466018,1.3363286204611546,-1.156483407524762,-0.49493022987474783
-0.985331922011094,1.0048639252044276,0.9792356818884231,-0.45702251824779966,0.5431289940032731
0.8854359464647433,-0.6037989402813757,-0.3044051566388384,-0.992571818291348,2.0151671546847267
1.3581657849501374,-1.1565611661369233,-0.9333764814449598,-0.364643174889245,-0.005238499187534634
0.2300726843156405,-0.16618291286666176,-0.09716077583620003,-0.18843464829903986,-0.5615278204333729
-0.6526226905348861,0.5897943138772302,0.5027578483660322,0.011861435905715692,-0.3644986969847313
1.240493691040006,-1.02060273483941,-0.7800857074575306,-0.5123949434203107,-0.4157768860368656
-0.7083148515689857,0.7819331637679706,0.7854138508342285,-0.6354235063211189,-0.981283882707167
0.9073010405322348,-0.6663757887719894,-0.4075689794225786,-0.7699757692424923,-0.5103991776014503
-1.553620413605089,1.8561724132141637,2.028546840413459,-1.9179775133155836,1.834385359247151
-0.09565918329623183,-0.24515039009564965,-0.5266370145581851,1.4464904647888592,2.4030938841784812
-1.0553674020722104,1.180611105974319,1.2257195126575209,-0.9655328155579795,0.21044956259680264
0.04917645949065095,-0.3475615972896554,-0.6045753663328066,1.2876179654302558,-1.2770572750241678
-1.1044836598432832,1.2752338423231768,1.3512221807057838,-1.1893926803316823,0.4382840564707509
-0.65230763094974,0.6712190494878958,0.6376453651944604,-0.36709847911893534,0.8656285385465822
-1.3993994520353146,1.352943118300432,1.2935230052807234,-0.25925207462348465,0.48724299830182904
1.0609019917467002,-0.8234352223705119,-0.5668129070604416,-0.6838561782610638,-0.21955136462986047
-0.6802711385316274,0.589690163500438,0.48512534017264547,0.13332848810897718,-0.8077834852337731
0.12388302466882917,-0.144034751606156,-0.1294294875336599,0.17515801230049893,0.6106337234757431
-0.5951597333840941,0.3771425642859852,0.18728874896244593,0.7465197667863879,-2.7586518780805234
-0.20756147582509574,0.4335779910218973,0.6189240205060078,-1.064454952192504,0.9673408191559162
-0.22021372050459392,-0.08682202208200532,-0.343395720381497,1.2573188721747937,-1.2510062770630042
-0.8861789068639947,0.9223804238587021,0.9054117379639471,-0.508405349073509,2.5487413438313027
-0.13926594124289818,-0.09352416020898226,-0.30336284274375463,0.9341865834703674,-1.925203944427604
-0.3139980804421202,0.031022565372615097,-0.20768895968689993,1.1212337655991005,-1.7151349275767056
1.3720296636034375,-1.213958908015464,-1.0342538925912144,-0.1308321342521744,0.012695542031604005
-1.0746855837799414,1.0522142512663997,1.001132532586075,-0.28560079093969754,0.9371621389827445
-1.1497450805344578,1.2472750563846517,1.2763912452770854,-0.8616877757446394,0.1161149525014188
-1.4528866719467048,1.6495645305692874,1.750401056042197,-1.400690003734437,-2.469084373951134
1.6355695120676015,-1.4482150534369407,-1.2369909610823495,-0.16725149279142162,-0.25213555768340257
-0.6752484976149444,0.6249217782687164,0.5465754812548895,-0.05202497772894424,0.165591063266033
-1.525279698127505,1.7055005104656344,1.797210632257281,-1.3432978663933313,0.3008684753977177
-1.4415746365899187,1.6900470304364243,1.824508743222305,-1.6379139110809542,-1.6631534758213364
-1.0889887457882068,1.2445562850551466,1.3102621331854656,-1.1149379295763824,-0.9438450761029581
-1.415920274592754,1.5165881699016477,1.5537830822046033,-0.9458120587320347,1.3874071867491962
1.338038036966223,-1.101351730544227,-0.8432035927256445,-0.5570259761287,-1.0196441594201748
1.0950414124790966,-0.8388139106570116,-0.5631202358401121,-0.7668488283435446,-0.6020300255997929
-0.41423980339244687,0.31090927376256416,0.19198155313097923,0.26198606569044,-0.32013642277603765
0.019636910734063154,0.1883772822560063,0.35765258765019003,-0.9186450680153895,0.16160485298189742
0.15332484949430925,-0.03089877809280783,0.07868728113075488,-0.4826404421653857,0.3288670812253481
-1.415906064400012,1.7305697100821504,1.9077491677762592,-1.9381454780354015,-0.9046534336042442
0.06600626676637632,0.04581504450204707,0.14983998828805323,-0.456848976807933,-0.5688707186567834
-0.5444074638648309,0.47785746426427667,0.38593657375267393,0.05740469840539986,2.3105856334211756
1.0285079386983549,-0.8005488403129897,-0.5537172762208801,-0.6484815130679794,-2.151327270013393
-0.6442907284812226,0.45455051245273737,0.28430630483533825,0.6025524868025777,-0.7255151163394091
-0.7090358206779623,0.7569363658506559,0.7436101524024519,-0.5163540007231278,-0.33763540085388194
-0.6318547666959343,0.5282083780614857,0.4140007220460917,0.20657030971621415,0.19357566635754803
0.903799687803569,-0.9993416040911719,-1.0490077503333801,0.7391615767224388,0.006523431190066979
-0.5451199297149072,0.3452636863990833,0.16615692859032605,0.6753837197425808,1.42763259636172
0.7519640931211794,-0.49183822760787715,-0.2150971037708047,-0.9391914068634203,0.6132143844792359
-0.4322716044710819,0.2597599391179423,0.095985755063335,0.5780783749704037,-0.18196982177220017
0.746551615769923,-0.8978029096154785,-0.9820069162909167,0.956575176739695,-1.9755413088115057
0.7675165437091862,-0.7399924453246659,-0.7048202539042824,0.1274400815412418,-0.6597030457372065
-0.5092821482640812,0.43027571471927695,0.32941125648005265,0.12434853911312578,-1.0471600014040046
-0.7285210848045748,0.7060863076881918,0.6471915277224333,-0.19528942671592256,0.9273642425277795
0.7126750304748425,-0.71883060047577,-0.705249016011373,0.26981114544111656,-0.34562356836706026
0.16677261408494337,-0.6438546169157277,-1.0204248742192967,2.1470051804001855,0.1428196215062066
0.4393738725920656,-0.4786101507619897,-0.482359816432501,0.35001616248073436,-1.0163042347890552
-0.26272723924852753,0.060789369038503294,-0.12607229583739268,0.7588487304176074,-0.500698111252064
-0.9047877941701788,0.8068013496941473,0.7024751878405667,0.10898457012581045,-0.34191317339826455
-0.8212087190415146,0.8074321426644351,0.7562995034594641,-0.25966587630080157,-1.5569730537763948
-0.6732733857121456,0.7025638341852143,0.6762542235124438,-0.42070797796281456,0.4805081280683104
0.8036404965637098,-0.810479171357005,-0.7989616604185324,0.2977220311210479,-0.7394811525826559
1.0387025535966177,-0.7941100955575481,-0.5305368970906152,-0.7309541611869984,-0.5197070719904852
0.06204711505791043,-0.4336579508065046,-0.7388635397181552,1.6305429637801714,1.3961930379085468
1.8001131998672744,-1.6503676539696024,-1.4754354143270438,0.10231246427770375,0.9757418110300633
-0.6716539930706893,0.633092512426153,0.5623610437968947,-0.1056429891505975,1.0506931409105669
-0.3711535196677927,0.5726663758300928,0.7444886453099309,-0.9944876412037924,-0.31834974167530933
-0.8620137916013658,0.8393878394898939,0.7833902042878108,-0.2292953920981585,0.0962072602498604
-1.248888196527409,1.3025449875570485,1.3052061711066862,-0.6841539976278569,1.461146233806404
-0.7350135892237651,0.6515668604438871,0.5529082281829834,0.08593704815963348,0.45366864004507623
-0.7878443661413533,0.7243940708873816,0.640012123028135,-0.020599013092731336,0.6991933138924402
-1.6008804264027685,1.9147195512721282,2.0955473682710815,-1.982670838659916,-1.9435834387927025
-0.8330202407504372,0.6555261519728591,0.4975654549593895,0.4964346333211145,0.20332170459270127
-0.8992230989726901,0.8313616226015856,0.7466156632231566,-0.029255868014624424,-0.21318394789648137
2.569619826828338,-2.4611380646272485,-2.3211208804550294,0.658939496797321,0.014033025284912603
0.8217879510605735,-0.47795824177662555,-0.11681419704005523,-1.3460138975276865,-0.09119774622825207
0.9851923012770307,-1.6041956700280398,-2.092132060133705,3.0190397992191986,0.45616318353995416
-0.17387401817215062,-0.18434543391493083,-0.47544995281539965,1.5067793478436216,-0.3507971393966733
-1.1977935792603567,1.3292895916605572,1.3817123830520297,-1.0317534242085533,-0.3480957858135465
0.2606142458645423,-0.15005074484565034,-0.050305226935593354,-0.3980882592584724,-0.44131740954273957
2.5800723544777515,-2.499120293433656,-2.3865845075058942,0.8075420951439563,0.10185734999037221
1.2981196841859304,-1.0400061380834247,-0.7607329741221509,-0.6867652801775366,-0.7053956603629171
-1.1251015189410514,1.151336282802433,1.1332569430117878,-0.5246375753361172,0.819305845449595
-0.906743508002087,0.8202585708932407,0.723500372022351,0.05513880625159773,0.18508087378670376
-0.09353433560056623,-0.0997938436123771,-0.28485393165752576,0.7631478680415986,1.7589818648166482
-0.5403224602306054,0.48097984233501934,0.3936811630723437,0.02505050432557181,-1.352233097988511
-1.0663699204433785,1.0557018818159343,1.0121530007993316,-0.3381612491973826,0.5990948256411937
-0.564121368112128,0.2901213056964669,0.06294370769507589,1.014235447613641,-0.41161974133657164
-0.25017567800464235,0.005410428382217043,-0.20975083652081478,0.9607278033318694,0.6513691852589469
0.4286277842338585,-0.46975289187632535,-0.4745779398919936,0.3559161033682283,0.38892636215184523
1.4208015098725408,-1.2613672763029198,-1.079890799712436,-0.1163608231325272,0.4508115458587096
-0.8487058786219945,0.7423399298202661,0.6312626692186505,0.16250060865148655,0.29493255296733445
2.3531516127176646,-2.2388610318633533,-2.0948291325896053,0.5326832220079698,-0.2472151008105357
-0.38293272523172867,0.2497543773090754,0.11059299449007402,0.40857889673614434,-0.23889208649209215
1.3072551883660437,-1.4357392563436386,-1.5145958851448935,1.0026364247659822,0.28272441248977703
-0.6180524539189103,1.123878935853409,1.5038954865988912,-2.482647483179464,-0.09542415657636971
-0.5309655906756592,0.4712755163054408,0.3835377147434827,0.029107432476635928,-1.45093041015341
-0.6527822585704234,0.4553200000320533,0.2802166782257208,0.6361414734473876,-0.7888937647036535
-0.5159297754305336,0.4426954066348611,0.3457572309563845,0.0958448627732271,-0.42237493020606265
-0.2518973905848008,0.009866012833020977,-0.20346791694697955,0.9476003200532856,1.0066773231049
0.25213118226985437,-0.0810888868419634,0.05931605733728597,-0.6828131933543071,-0.557118776355525
-0.24020293255327793,-0.018195134281867295,-0.24250005517907508,1.026552338804435,0.4196702623045742
-0.1683544101057304,-0.13046814117729663,-0.38284326404495583,1.2327878601494076,1.3835177542120944
2.324608702694601,-2.2113411989627507,-2.068571458826103,0.5253914686905744,1.4212912013273777
-0.9023907404454143,0.8224750363265506,0.7299155430455916,0.025813812028365836,1.525313957824305
-0.20216363508876725,0.4426143743382627,0.6375333348576939,-1.130391932791043,-0.5657140899363842
1.9664226978510553,-1.8432303906329994,-1.6935040770852567,0.31484030839534893,1.2341751733055686
-0.3526539223874896,0.1100861187618544,-0.10131764038811303,0.9237519650455236,-1.2139727071028152
1.8397420561792752,-1.6779456993907995,-1.4906157558568178,0.05684228247742794,0.8178804046989275
1.0875083619014378,-1.2844033045563816,-1.4052016724240475,1.262377773078133,-0.21364773951699856
-0.45942081142918717,0.4034732643747291,0.31656389467004364,0.030453111443889447,1.4725798953836695
-0.10780304208726098,0.2980142165703267,0.45761547852378803,-0.8701431596172293,0.9025832881710528
1.84316717753779,-1.687537896297157,-1.5063551859086128,0.09061148886189414,-0.7679014010732443
1.417800349839048,-1.2043900860782142,-0.9688866444702515,-0.3999703125041069,1.6464978943416433
2.2163777610989124,-2.1396514923839125,-2.0343754963753233,0.6685549174417685,-1.4577659070263782
1.8238390320357776,-1.624444884901529,-1.3995966721229078,-0.14682785709088253,0.1549601898198532
0.9394593711215887,-1.1277235319578187,-1.2401262136687603,1.1818402503185255,-0.6793386915689282
-1.4747836026965386,1.6188909767042827,1.6858343654244259,-1.162634570466069,0.6960313281376789
-0.11612999213440087,-0.17834863225768469,-0.4290645166529409,1.2262947616972475,0.5822947030843785
-0.06102614779654454,0.22820941894459856,0.3715601281511153,-0.7498969099907734,1.9623464685394747
-0.3073530639364022,0.013774591434580962,-0.2320232753040123,1.1721384857149209,-0.9780081092143442
-0.40058525403250866,0.3533685514910349,0.2708384405730974,0.005345107066728849,0.5248217923218823
1.7915705491645402,-1.6195851457667272,-1.4224528908756866,-0.017779745446844415,0.2949595668493764
0.15174137285090458,-0.5104301919135594,-0.8092134996433172,1.5940656162618965,2.249944586777657
-0.30312963006141447,-0.07304430835159419,-0.37296744049152886,1.5562525778309655,0.38590666991511846
1.6928239932852662,-1.5437413883322735,-1.3703662921292397,0.058259129559870816,-1.5698562786779957
0.0011021509247549162,-0.32307352493764757,-0.5944278045580681,1.384425905000318,0.011766281503988167
-0.21236045237357404,-0.06175438478332912,-0.29697073615821257,1.1067113550592647,0.8051293325085179
1.361861843957232,-1.7567074571639703,-2.014941462577514,2.2613125840136212,0.26098414979837553
2.1875054405372683,-2.076146876135565,-1.9364302567183025,0.47464918586047633,-1.70470164195428
0.9854687959609738,-0.719265872408623,-0.43449502583162725,-0.8675493221223425,-0.25972093694415255
0.2713861480375279,-0.8478699962701877,-1.2918321532088433,2.635293585277738,-2.2239463287628776
-1.3167463877877226,1.5633195334479917,1.6937128141362394,-1.596479000086075,1.5822589055370666
-0.42868296497490344,0.2815833502205669,0.13435116044574652,0.4611760869444275,0.5988102539553739
-0.7995344195539967,0.9057639642935555,0.9326423809548274,-0.8104907868576798,0.6847530522108896
-0.7698524572273271,0.7692924861313234,0.7256427837632767,-0.30753011445562467,-0.9375436388955318
-1.3838524010331608,1.4330028553873255,1.4357717437211464,-0.6985343968969318,1.2611510313690277
-1.733052053180699,2.045836600717338,2.2289668611432805,-2.012327745272031,1.5179575417889954
0.6491068744807338,-0.7159569577966136,-0.7419068117924307,0.5359626331317953,-0.3018055750179657
-0.8802085492663365,0.9785587974977351,1.0021094069664471,-0.795039756491305,-1.0133785344142157
0.12964621230651407,0.005032281951018885,0.12324338166864451,-0.5462908897110127,1.3854057297484352
-0.9836964698690311,0.973104975498966,0.9277344842826135,-0.31690691641276286,0.22473270081489613
-0.11061995357664144,0.35321583350064484,0.5479549102489318,-1.115531048897219,-0.047449677120666126
-0.04670576246567936,-0.2653897335796175,-0.5292013836612708,1.3261335785936923,0.6830811148033521
-0.5808255397591844,0.3808514739815594,0.20247599823779763,0.6665973101162116,-1.66936589063532
0.85839791984875,-1.0019404197386779,-1.0829562511098194,0.9509727941488859,-2.6187652356082647
1.9634001602912152,-1.783049686847337,-1.5761099742848725,0.014579629006667812,-0.8450918833296783
-0.5830217109117981,0.55074911176886,0.4821249155266853,-0.11163886536302865,-1.1119599068772479
-1.4389624701809944,1.6538895128985758,1.766348467243919,-1.4816752585062924,0.22024469131614924
0.9096808648563207,-0.6636894625388317,-0.39978956268040605,-0.7954163160746996,-0.09641850481475178
-0.8485944910705526,0.8060437624688129,0.7367085713185693,-0.13339303493413074,0.8095063382735486
0.5468531929308593,-0.23172355922067964,0.09839098507475429,-1.3176937672755484,0.26097794304901023
0.7212295473946821,-0.8144014308740066,-0.8592557652197175,0.6784785106951154,-0.39762032479624904
-0.1453028230092872,-0.11042370467917025,-0.3351295301989456,1.0389690276118213,1.230829429055318
1.9308407534524188,-1.755741250840489,-1.5543309786273003,0.027619651122484563,-0.47301317959047023
-1.5638363380658629,1.8572064286161,2.023805812354254,-1.8780695847260191,-0.1738789602394202
0.7227389036532916,-0.9312526948841205,-1.053391435487162,1.2175041066996002,0.8852331874722866
-0.372279516450425,0.6766952371216771,0.9174632836169767,-1.4753220981174604,-0.8635935113513626
0.047915825987414305,0.1208109347804919,0.26327149812872236,-0.7274982814249856,1.019134960711574
1.537139046814923,-1.3400487424073035,-1.11989462374766,-0.26176400710213504,-0.2962402365010782
0.8368363113311085,-0.8445137949853295,-0.8341443943273367,0.31066040724963523,0.33166428381910745
1.564569777081616,-1.4167719923194673,-1.2457513443058665,0.008172273550870393,-0.6392994240414682
-0.5416625841673576,0.4434098181613608,0.33068848754967245,0.20513363995116848,0.9077157023849317
0.21436398191073996,-0.7414618554773353,-1.1518273311447107,2.391377337539069,-1.3330048478520875
-0.18355633425827528,0.03512797904630769,-0.11852293562464218,0.5314091806483822,-0.2939042299573045
0.5456194208692146,-0.6505429363900611,-0.7001672821594299,0.6856312558850067,-0.8424607923016534
0.8430232544973064,-0.6100965394958296,-0.35983468244561645,-0.7566153575904858,-0.5888670358540947
1.8686456388006734,-2.3592665419178203,-2.6906024703999862,2.8462818577576656,-0.829777867430827
-0.5521441377688097,0.6621369756242853,0.685876362556769,-0.7632787012697305,-1.5710543628470657
1.03460156175122,-1.1227751060667663,-1.1698158666312302,0.7403002790540785,-0.6771183445212232
0.9669278542184886,-1.1379086859153673,-1.2392198474285545,1.1085966875656739,1.259130349603605
-0.02479530379670917,-0.3829078441350663,-0.7097570780447663,1.7752105937748952,0.8386772587776805
1.879320710411885,-1.6871042379549333,-1.4689818657184572,-0.08471669233835825,1.2760591269543773
-0.5099380386007432,0.24670844021770902,0.02534963767554026,0.9784533526232313,0.411466806456523
-1.2632248394860421,1.5844170342717598,1.7624105095602467,-1.9285115494732525,0.2191094424027291
0.22762311359959136,-0.01925668033013602,0.14658136566881338,-0.8637671545284796,0.7870630851931653
-0.7524272511426132,0.5816775792760367,0.42630414733641664,0.4862250371267758,-0.0803471011851508
-0.1777397987665226,-0.17907202192403407,-0.469168222579169,1.499241463364833,-0.1310628913994422
0.18919435048698105,-0.1077005774335856,-0.026165071945289383,-0.2817497431308251,-0.14589570830491908
0.5612916574807081,-0.6068109824458882,-0.6169222888754057,0.4124889267708676,1.0135297524668407
0.8222540625079153,-0.5144016964704979,-0.18928171944976424,-1.1576555525577037,-1.027758509449684
0.7168037644146245,-0.8955618633807484,-0.997664973313733,1.0769401520440165,0.0663324663308372
-0.5180154107085821,0.47531914311127194,0.39840461932196264,-0.046311000755750675,0.27226714846615285
-0.4188882875230781,0.2505052359280694,0.08912878488654291,0.5624313905586296,-1.2532320995438135
0.043422509297638384,-0.4338322015409472,-0.7509133717997707,1.7128485521844068,0.6860011907035287
0.06196686112456097,-0.03168557395616848,0.017793970555719303,-0.07717694852256558,-0.941568578392172
1.6506372944045469,-1.4311620501463338,-1.187646539959615,-0.3285608277172531,-1.0447894254634245
-0.8799489850828953,0.863102853952402,0.8112921193287038,-0.26078539266798306,-0.8894075219829429
-0.8081891944357835,0.8159253184653396,0.7785704118130469,-0.3560211140860408,-0.17299931200605861
0.5270701805865179,-0.589072366750417,-0.6096197648452274,0.4801593132660087,0.3410389090353494
-0.9499656795325716,0.854694478967604,0.7531672906544989,0.08458484323297301,0.5725951920980153
-0.4043663672741672,0.7373544195083667,0.9978273230304013,-1.6174671250735162,-1.16759380721647
-0.4752512231921241,0.25551143716679325,0.06181611288685444,0.7858496795915567,-0.6725616472275909
-0.49651537013458447,0.31537349830140127,0.1474083264777456,0.6013060987741717,-0.7212275492267022
-0.0035846869778471506,-0.41493139338332585,-0.7493340808542717,1.8308961795650565,-0.17018440829654327
0.848249279797568,-0.869115058017034,-0.8677809377617618,0.37534777707838524,-0.0003489296892122619
-0.7853458028541738,0.8013428843873086,0.7688747037733263,-0.3883578411642361,1.0554181544310821
-0.6512522433922335,1.147868752729663,1.5223026585343817,-2.4486618569054692,-1.2955423374746482
1.3599975114160463,-1.1397398231361433,-0.897860581217037,-0.46138244109272786,0.6507341170975588
-0.21527688065795644,-0.11039766829211212,-0.3792756696576859,1.3450407970521918,-0.16695613071242202
-1.0601632395044642,0.9716760834810476,0.8770814757102884,0.024322431389361562,-1.0743351889678445
0.5614198381852913,-0.5574703110706137,-0.5344488978536938,0.18151764606260318,0.26560308064199684
-0.19891833986670868,-0.034915071760662324,-0.24408573593269955,0.9234325889703281,-0.8784507887478299
-1.7674041320612588,2.0598754518011466,2.2304955694422803,-1.9271106074553388,-2.3464968927307694
1.0966011018596789,-0.7960769970354369,-0.4760114265513909,-0.997817415796091,1.1909263917593709
-0.36663494538016717,0.15159598323990703,-0.04148331985461216,0.7924413547329257,1.84777304846279
0.31463332654549137,-0.2209584107183339,-0.13347914018924534,-0.3045428071734905,0.016793030598252313
-0.6256435806779458,0.5050888033509608,0.3796799428291979,0.286601063872115,0.03745222119386096
1.4105164222755182,-1.2508630069836393,-1.0692526721024551,-0.12206253714986447,-0.7588289737354037
-1.0711508745254144,0.9571116058153181,0.8460508916368903,0.13994025470548765,0.7439037091309535
1.2866103654392038,-1.0177982645553618,-0.7279073218262881,-0.7478135505032147,0.8778014324535504
1.4768832761666957,-1.3004417237665424,-1.1014670797169637,-0.1804649248475956,-1.069984457263793
-1.6550910055785668,1.858653470922555,1.9685713422413813,-1.4854675778692406,0.439329761139792
-0.19623619552093696,0.4631753019410642,0.6757318872863353,-1.2524745658219034,0.5315856732261562
-0.5007596230948803,0.3865029318417387,0.2623866468595837,0.29003800935585367,-1.0762474715967985
0.08636821926206577,0.05435230906869572,0.17737477678179617,-0.5862668701958789,-0.23112041401276245
-0.00818365496977286,0.25580743901381836,0.4521051784964004,-1.1111716868653192,-0.6533569323464704
-0.2699564980922297,-0.039737816214000625,-0.2969244644420672,1.2566453268563014,0.5826144180443761
-0.3520853701048625,0.18807541931451088,0.028047241587681637,0.559613552467676,0.22618934113135533
1.2354974979023103,-1.4783651969698723,-1.6325704118412458,1.5172759178303103,0.49429691725155334
0.4398990868765524,-0.39482881779594803,-0.3421179619457831,-0.043529802433756024,-0.6692324870744886
0.7581562214043239,-0.8835691292338136,-0.9506711413566336,0.8390706182423623,0.021310669158359302
-0.7197627930631313,0.5843777357259803,0.451398486147299,0.33077077500104246,2.0643436571353644
-0.9324835371152769,0.9863677796306606,0.9820145225716185,-0.6025065145949582,0.11162608356189437
-1.5598801938968303,1.6128938640913688,1.6221750393321903,-0.7624591785635043,0.8983982221458299
-0.7040993986712057,0.5732193664530576,0.44283245888271056,0.31397427207900824,1.3866517661582747
-0.045783907940059085,0.16452301094032715,0.27515589588618244,-0.5195335264761639,0.31935595676669515
-0.4382478419745851,0.04511643319510044,-0.2628403902639673,1.5995700906673602,0.7352856100981463
1.0940369175014508,-0.8445929664350772,-0.575700747259958,-0.7318175788315906,-0.36844030057424293
-0.7959785076693127,0.6028339739437011,0.4337969670278159,0.5786905981732625,-0.9888185413445296
-1.0147988568078794,0.9741977845962977,0.9099007325006668,-0.18587663535328805,0.1840896588809426
0.11806728811303567,-0.01707506816399498,0.07877694947475863,-0.3921318432426003,0.023958457465096405
-0.06030046757753227,-0.3005808870805948,-0.5959979266509444,1.5488090595675288,1.3161022293301197
-0.42944422294692564,0.2987782572339474,0.16231333865329095,0.38477129522740844,0.2479107287266217
-0.9886327441267242,1.1077373285295782,1.1473190072257682,-0.919621421927315,1.2594547769017674
-0.46261929988511913,0.9374167200586118,1.2939044688743935,-2.2955093349085947,-1.4513287618357784
0.6282926464808448,-1.157350514097272,-1.5783692330938497,2.5086593401099373,0.07816129859942227
-0.1191881006516759,-0.2624929735023715,-0.5701829219164319,1.6298690160767253,0.7945524496592787
0.2941122881929355,-0.24185196725951538,-0.181750399959578,-0.11672472899496883,0.2196426459334335
-0.48804951393197554,0.8290238708158265,1.0963240299800807,-1.6775029134271013,0.9238359262712758
1.5582889101851933,-1.4108400125916059,-1.2402210358178474,0.007214950198680891,-0.4439309166479195
-0.5821457032435102,0.5128384349013555,0.41996825586872505,0.060326589211127365,-0.12986620833592455
-0.9616755907251968,0.9081217056458084,0.8341489168976135,-0.11192667031533313,-1.1510720498405542
0.4196524470141099,-0.12138298370995083,0.19078862510959063,-1.2858591006580695,-0.8620790531262681
0.27002783285329623,-0.7681362757348769,-1.1607985756659933,2.2714975679440945,-0.5471489161843105
-0.7528384379081235,0.627210193932314,0.501362157572809,0.27688131022259893,0.9812322042653443
-1.197584203125712,1.2389797115447037,1.2324587088287864,-0.613886307504838,0.27480356110346876
-0.93463082316412,1.0599125061223722,1.1023123469642837,-0.9341506643051075,-0.9296812839176151
-0.527157236889966,0.4476614048691194,0.346881489830821,0.12194575727262628,-1.0712461676249894
-0.844849338531819,0.8902060007075779,0.8782904549502915,-0.5400566483825443,-1.5494670836560238
1.7613561744380968,-1.5932169233838998,-1.4001877900539024,-0.01104789147598784,0.05127004838182309
0.5780593015191623,-0.6197188982631783,-0.6275410299064169,0.3990218545351769,1.2022460830698265
-0.7835795094050663,0.7525357922247449,0.6892559847998382,-0.16975944404288146,1.762882927441392
1.6280649931784752,-1.4545394118372408,-1.2572261295077813,-0.0982540459737489,-2.1236042284477454
-0.32648815603467285,0.6047517674670537,0.8271940262500879,-1.3407544855186087,0.6442425355897521
-1.063298221576121,1.1480362226577001,1.166827458979663,-0.7797734868082329,0.1992949904513286
-0.8715504844238944,0.9118963144051913,0.8973074426368537,-0.5237996865393745,-0.6379715486121652
1.3782489880323638,-1.1424932513268242,-0.8849422032392413,-0.5343491842978282,0.06508438332020937
1.7407642389074278,-1.5984116107972095,-1.4313768161450406,0.11468871663965505,0.5273934891216682
0.18764935014679077,-0.11639352309349554,-0.04168826240041739,-0.2343611861051838,0.6478539811965328
-1.6987552940951756,2.133018743926358,2.394837711363418,-2.566682936323212,-1.3628744107451698
-0.25268232983434874,-0.08414855949411829,-0.3594776184992509,1.3869976925139602,1.844055868164394
1.929607756925339,-1.727057442361353,-1.4981680119689553,-0.11648687992198654,-1.5247595647037753
-0.42062837889628574,0.2533826174731296,0.09278951710192575,0.5567027425182239,0.45360918949064805
-0.4037294194276156,0.2586174427562616,0.11212052767512855,0.45848143508492123,1.8686173488470792
-0.39457801236338336,0.15147826221228247,-0.059324330285808004,0.9152605303667573,2.255515961531197
-0.8817212648136049,0.8796422352750499,0.8375314923360867,-0.3297263634323785,0.5069413872072175
-0.3456808439451745,0.16881094342123035,0.00022546184843102337,0.6209214958711643,0.5226683426181237
-0.2084870217670286,-0.21893068753242442,-0.5545174805338514,1.8186170386309521,0.8479949660604736
-1.0515243518436581,0.981494680657507,0.8987784178540498,-0.059010233260706084,0.3076070985779052
-0.4043857960613676,0.14231035896960692,-0.0806830961411695,1.0006906648192964,-0.5691965164539259
-0.4630182683499668,0.27915539417893703,0.10865192846973266,0.6226793917778313,1.1480876712423222
1.561024654023064,-1.9565605283691505,-2.2187742484974016,2.3186608319363606,0.29284503687216157
-0.5403820835188793,0.9577204606704008,1.2770946258079667,-2.048324178196758,-0.16305654732433067
-1.5634488500481218,1.8087269822769767,1.943858340768709,-1.6549571634856337,-0.9609524853677788
1.8344200463909919,-1.6796731163126375,-1.4994468251788253,0.09135168646754095,0.25817041268271124
-0.4888151749741304,0.793988153383407,1.0373215313008557,-1.5105282686920287,-0.376399297238839
-1.0452464952929328,1.1417955014300403,1.1679042005490807,-0.8298248797329487,1.1265636327496966
-1.7459686035042499,2.0216257683486365,2.1807616535781427,-1.8435374762086598,0.36107517916394455
-0.5699805975644381,0.4594710392570454,0.3393730581605027,0.2545688152099911,-0.8009620532476481
-0.698833963369785,0.7200393309754881,0.6890195591924204,-0.38989704401547,1.9899752118693084
0.03825559969869778,-0.5250970705178073,-0.9051419086045801,2.158669678475513,0.7865068532144937
-0.5099954124753853,0.24456011616921844,0.021759759912816458,0.9886665777654331,0.16718031397541677
-1.2820713736712503,1.2709021691000715,1.2319088137416987,-0.39221754777957357,-0.154402607351802
-1.1399837426602601,1.2330932008233026,1.2590967261061352,-0.8386376031136069,-2.1741777302149985
1.5903752772817308,-1.4230894859600287,-1.232338568027197,-0.08231507070491982,-1.2626648456905178
-0.8816725236049909,0.760976631891517,0.6412718161850102,0.2203342948408324,1.2663662199812653
0.2881110201679024,-0.09855408300843363,0.05361681608992947,-0.7594935876083829,1.2164349724531933
-1.1775868374575436,1.3729948400209004,1.4667680549593218,-1.3228432606751772,-0.685521620646119
-0.6198954980966642,0.43096262538491226,0.26069424508671407,0.6051851429266276,0.5708426165683278
-0.8696831897901985,0.8351083147505135,0.7714679478674851,-0.17589070400741666,0.04804423492156162
-0.41291599274979324,0.03904006395376142,-0.25689432717372546,1.516900203347168,-0.8481506402164646
2.3035992641120644,-2.210246358003057,-2.087594147767493,0.6202340330898664,-0.09661237564294088
0.71302119612102,-0.8280618409886654,-0.8874192358719617,0.7783689728013039,0.37197333529446663
1.6406731707546478,-1.4513436493880618,-1.2380992240874624,-0.17532004021311018,2.347495265466219
1.7359006995177984,-2.209184799980888,-2.5265638994528743,2.7292486422690505,1.2184729091425515
-0.3275815153286158,0.008062710878419048,-0.2542460080744113,1.2871411769063679,-0.7703298049309881
-0.2863190745463726,0.04859936844514592,-0.1611348024535472,0.9186091363867438,0.8161282462945625
-1.4332919621239506,1.5482526197433741,1.595190397709648,-1.016630823462045,1.0314488510389124
-0.36910728486653116,0.03997400199589428,-0.2276838870731811,1.3208712045142974,-1.087271471841181
-0.6873724478718153,0.5690955026964227,0.4465741888668703,0.2599035798683856,-0.2534228790739086
0.8612020566528779,-0.9921025757779062,-1.064700140912794,0.8927002327759116,0.8993232599325319
0.06483940111582191,-0.12431007575723257,-0.1349984805244151,0.34272100576467146,0.12458521102355899
-1.6803530065714205,1.9556826327454164,2.113118758210686,-1.8248679391181262,-0.265045544204009
1.1962832334896705,-0.9078825739847985,-0.5991275665704529,-0.8902640078206371,-1.3331387050940389
-0.48168578204249984,0.3393352020433387,0.19640953793570218,0.4253000130604022,0.6269225486581954
0.6352789056299702,-0.5680316680109488,-0.5039169009429276,-0.09399338576301966,-0.6189116472386192
-1.559973593818972,1.75439621370549,1.856181868563613,-1.41822255624326,0.8406423000954211
2.0117795904779907,-1.899724185087329,-1.760772805311308,0.3931727220935334,1.6602418059153097
1.18507383235535,-0.9834859796923001,-0.7617592161892892,-0.44122106288208923,0.0902740006863152
0.1686577357423997,-0.11337593229098968,-0.049034907171962655,-0.16492803276306917,-0.06690269526501
1.1414451898059745,-0.9603322327755492,-0.7594724085827818,-0.35346674592046307,0.2763735490560546
-0.15597604076516122,0.37795287987991116,0.5596820351857763,-1.0315717917708285,0.12514919420936502
0.11717641241406235,-0.6044138441692612,-0.9865044230700959,2.1811342347634493,0.9460542464383926
0.5115321428352316,-1.111956516117812,-1.5770160901184314,2.8090797836625057,0.87696787039398
0.4693565200973117,-0.5014091627301775,-0.5008766374071524,0.3246186829569239,0.1691468451213189
-1.455368914293588,1.7725389738133517,1.9522514140368215,-1.9600830193768275,0.06103419784819611
0.1627657459779918,-0.5425482899365256,-0.8553795988998554,1.6947626104382172,0.8383730320552569
1.6463848034209512,-1.4301186762425995,-1.1898522024851277,-0.3136615080492967,1.3225807660198414
-0.953557429875343,1.145731264420228,1.2323169525887987,-1.249288770198676,-0.3238800932660739
1.4687754490702412,-1.2997279571523115,-1.1082252782296376,-0.1453870673776055,-0.5082581140701607
1.0499384000639822,-1.3281993354685548,-1.5028343585459383,1.6321247857614005,-0.8998459670127821
1.3146465899630233,-1.145051291219296,-0.9542832831940762,-0.21651842261831822,0.4027225278594202
1.5992644075462525,-1.4277529219776066,-1.232696356747586,-0.10047716565765866,-0.16330306660676192
1.2473210988426737,-1.0404134855593523,-0.8128412195533097,-0.4414715448200207,1.235740734018728
0.9477995743015484,-0.7066757108084142,-0.44733282708966743,-0.7530769191868929,-0.17533615317141885
-0.98035400720092,0.9288489685713045,0.856639297469887,-0.12630972931998943,-0.1812083506641525
0.09579421508624465,-0.5411158153236808,-0.8953031605775122,1.9811740129760487,0.44071544572655585
1.3016403679500332,-1.0392742387604033,-0.7557131975289847,-0.7074457790696577,-0.744941024055234
1.2117785773338616,-0.96266647255648,-0.6931262712444414,-0.6779321911450421,0.5199878427869303
0.38315219261273076,-0.416089947367051,-0.41462784921062845,0.3053248420313697,1.2918282738115705
0.06981105823183545,-0.5376513803095139,-0.9059810554010199,2.07880590550371,-0.27186913804899965
-1.4152690031731676,1.6662983116961154,1.8018370797282652,-1.6428949915295161,-0.4009583112088404
1.9820885365612737,-1.8477657286887152,-1.6867628276161668,0.26356944747109307,0.5859848226239588
0.13866510051685704,0.057341643852704564,0.21647205024365995,-0.8302261831829381,-1.0064904851666459
1.289618533498101,-1.032178321739752,-0.7536502182273359,-0.6870092354887517,0.7654774581914608
-0.5609686284678567,0.4971116186965225,0.4073272774415492,0.04058803939175496,0.46916638410848094
0.9952329940232418,-0.7146984230086361,-0.4154944753750207,-0.9381752696966413,0.07790391532842413
0.25508806476962953,-0.12551110144868569,-0.012932483069279977,-0.48837777564483587,-0.6682267036739833
-1.349454974300345,1.495827378004915,1.5614150598704648,-1.1403793820108126,1.0606839210602783
-0.8427857542350177,0.8169324835166358,0.7583883924861108,-0.20930388326851682,0.5707318944993617
1.2518223327981755,-1.0230731343305208,-0.7735910846345281,-0.5537035232182085,0.27111857693392044
-0.13982992119176288,0.3445183883845286,0.5143823785551439,-0.946451881906268,-2.0295668309855968
-1.0776078856035485,1.1681466663644098,1.19105643335952,-0.8104130315722647,-0.9482836575867949
0.42255358215436883,-0.577542368475625,-0.6585277511807553,0.8859778465303594,-1.4711958247658457
-0.8468685939327038,0.8959303282256478,0.8864841623826181,-0.5577655355596627,-1.6002529261254947
-1.058722741726665,1.0298881050766624,0.9742824544988103,-0.2519206085827068,-0.5302378745513385
-1.2446856551310046,1.399997216178875,1.4690605091179154,-1.1544471508621958,0.9026845992633529
-0.25618704983971147,-0.13193671616504238,-0.4407395569329288,1.6239360032684256,0.28277991011416376
-0.5212572427191771,0.3742403875736309,0.22915816556862917,0.4365951435305747,-0.41506026675643565
-0.5263668245386778,0.29798677328438217,0.09979666690436624,0.8125555024553018,0.05133984226034339
-0.11231812119459567,-0.16473563631927549,-0.40413937959475205,1.1464888427089788,-0.37659156278604144
0.4703305017017568,-0.5590049164410414,-0.5964157095364291,0.5892916851881066,0.9242284897561819
0.07731003049045564,0.03793384673785828,0.14405164373332693,-0.46975949583477933,1.4238693862806586
-0.334810399315406,0.26637177782049043,0.16847028699851008,0.1209473047338973,-0.8108243979808626
0.8770765752062653,-1.1697900913723156,-1.3510527991800034,1.6526371129466777,0.28816940961384757
-1.3735745123358982,1.5520786677722505,1.6392313200930915,-1.295684539360796,-1.422140357794134
-1.117669247458514,1.2158983034782604,1.2447456149595209,-0.8565455189182245,0.06371003649185211
-0.34544832904698514,0.1594713536394441,-0.015076765699267658,0.6632134300061707,1.1727834493072278
1.2738333801709483,-1.019006623784847,-0.7432270759498086,-0.6803330931257056,-0.06504159577161626
-0.3762094578582444,0.06974120649137655,-0.18292961090732976,1.2139129656338254,1.8235058383899152
2.0943828775795645,-1.921938815952128,-1.7218260984722331,0.11394267616490053,0.31441922595953614
1.271737043287726,-1.0859626389463284,-0.8793500249380292,-0.3201362412934312,0.8844677999804123
0.7287190232573963,-0.42461534651210114,-0.10402808700552411,-1.1794792770201081,-0.7505887356448786
-0.04179055706802676,0.17488989529709673,0.2950709568118792,-0.5855066865457038,0.2756742756057407
0.8870232604114658,-0.5578449747822436,-0.21082982511544301,-1.2404969614791646,-2.7469988780748085
-0.7897043766366956,0.7122985338053331,0.6188297036555411,0.04362922218128199,1.679275658100853
-0.8223218797763379,0.6775817467873965,0.5408047756066358,0.3473449456588128,-0.17811362407163536
0.9477899700173057,-0.7480072940459476,-0.5300638277473132,-0.536877804463756,-0.04576909203257439
-0.3834957235359645,0.6433124215570558,0.8544054566420636,-1.2701049053853966,-1.111630522070323
2.003960028534648,-1.8197894603596965,-1.6086865858430426,0.01256625642158943,0.035394348507775474
-1.1472056457760718,1.2134064105713747,1.2219711709659613,-0.7157447775941596,-0.37936395295238234
-0.418863813047273,0.2671992605019429,0.11675862613393444,0.4849110733127897,-0.7821636131281076
-1.251633250137317,1.2646967651722505,1.2408660896656611,-0.4966331146714155,1.5582135001468136
-0.5039287323910541,0.3364031377563854,0.17751285928334784,0.5362272368973434,-0.27093993448740583
-0.7247983868979687,1.1152521162752254,1.4198754715643545,-1.9728975416758585,-1.283926616640843
1.9683568034550003,-1.8222496512467254,-1.6495601580049044,0.19585844009112674,0.3253793501121844
-0.7072765351559943,0.6893797268413028,0.6329724846379166,-0.21077988663950967,1.0695748469947608
1.0957222465105403,-1.3310462814419752,-1.4777300985397042,1.4440634289467817,-0.7227810434106968
-0.9999420497267031,1.1209556171929889,1.1620420895794867,-0.9314297622774483,0.6610492141389887
-0.9030055509435991,0.8824293261535942,0.8287005466323264,-0.24951482330292127,0.13112412742145213
-1.8808803623038803,2.177418978322353,2.35326874867284,-1.9756319471661672,0.49982520710352724
-0.1763477976510117,-0.11874408169873892,-0.3684978275197274,1.2133987363899594,0.3332870942816152
0.8587245577505109,-1.054444457115636,-1.1704152664841507,1.1947158586909858,-0.9139312986445847
-0.08840597293011096,-0.23540434954248043,-0.5059351586962068,1.3695577055397825,0.3825208571114657
-1.5305508101344911,1.7777772805208234,1.9134383467589373,-1.6553930333061158,0.08887786527920032
1.1698964780366332,-1.4613011287330473,-1.6468585619078477,1.726102436036523,0.5339120168789863
-0.9825960793214257,1.097981434468779,1.134993520448691,-0.9007968104007652,0.07956480809752421
0.6985066766392232,-0.7191628127181556,-0.715043702216284,0.3336744316998909,0.161083257090406
-1.9890687234687847,2.468108711344486,2.765790692771116,-2.850202330825606,0.14223390615502882
0.9543709054298327,-1.055350268788752,-1.109551625449966,0.7782963224438044,-1.0862012053192032
-1.0737932658470042,1.2512169525689951,1.3308759359793036,-1.212317039929625,0.23106132351971012
1.817777933949064,-1.7193123373389445,-1.5955851033459743,0.37831693398689,-0.051205069902885744
-0.26511181400126266,0.05346611222797792,-0.13969192465339167,0.8032424243820677,-0.732488501625943
-1.3452108687226259,1.342819643648008,1.310997828446565,-0.4494261063098625,0.2614567053160845
-0.22355160157861675,-0.13048976005555693,-0.4177365167572906,1.474419999743667,-0.3168609099479016
0.32606777973944506,-0.4550743651998936,-0.5169524648103513,0.738426828828036,-0.7510894615418999
0.8557215078303189,-0.6045584446938292,-0.33592886521764986,-0.8463623003654743,0.2347143863710414
0.00941056697989463,-0.3955050559457847,-0.7089934334425687,1.6839480904691675,-0.4889347836400555
0.021997260463525667,-0.50778060546688,-0.8867651929304419,2.1495133334573726,-0.8727750323554131
-0.9207999061522415,0.863358636087272,0.7859175196563268,-0.08321602675468862,-1.052582349665203
-0.1344598096458119,-0.1766785374341317,-0.4378773671689624,1.2987578504919295,-1.9956359828197816
-0.6764321362052454,0.5913567011763012,0.49030640228455297,0.10880174277278362,-0.327221506206384
0.6063221198978611,-0.593042511818304,-0.5645646782177886,0.15015144088684257,0.8619428201001095
0.8728962709377693,-0.8368973311025965,-0.797909649521299,0.11650309412195195,-0.5436581243148305
1.30659612159458,-1.0876527113496768,-0.8475342061661462,-0.47816156373952723,0.3534155848871738
-1.3164425244075604,1.424472431999115,1.4642310674850618,-0.9539494361321613,-0.5012806388110533
1.5555441153388592,-1.3728945094566531,-1.1670481642236485,-0.17809107165404114,0.45262350454344463
1.5019359225409554,-1.2929365567807525,-1.0611497203255749,-0.3396373204019269,-0.5444924394697714
0.21563089647100628,-0.7913178142576721,-1.2334963925931823,2.6170247018397634,0.3530610544157377
0.6432669608590733,-0.6967414389547026,-0.7136289734517701,0.4719151188022411,1.2541231374665178
-0.046203104633302704,-0.3254542422003545,-0.6282395307865277,1.6024640761481324,0.9775888672148579
2.5437113748236566,-2.4924304897286746,-2.4099103495748913,0.9466094817954318,0.846383329415957
-1.0382685451067635,1.0556876631147367,1.029875736467586,-0.4610613221081621,-1.6187409167192066
1.2292850483783393,-0.9416851862222247,-0.6334573355643099,-0.871458948197225,-0.03983413796725721
-1.1037096593678886,1.2394829981205837,1.2925737852758372,-1.0269963987141504,-0.08081287196518963
1.025662580937668,-0.7893568425120329,-0.5341905880331375,-0.6933924717624473,0.6705891089374814
-0.4179925533918832,0.3070251455338597,0.18318673737230526,0.29641875794002176,-0.7151690526736852
0.1016699611944432,-0.4078657866437731,-0.671177324494499,1.3375583540223914,0.40826760388247335
0.4141237971446084,-0.3578494836294448,-0.2971787784820508,-0.10285439806535182,1.5116337671106765
0.7202698772336492,-0.35647551341577827,0.02381604722618764,-1.4953879074862244,0.46908021451714954
1.3757429736526754,-1.616503048331664,-1.7717733868438839,1.545547297459635,0.5672843434879316
-1.2137542232569536,1.3065655661795832,1.3340442031275872,-0.8565374024172187,0.35196348568752217
1.7308415908448824,-1.5824033794402175,-1.4093570557226653,0.07846782035202639,-0.9315739915275265
0.09350709485995887,0.06887659203144987,0.20628329216394783,-0.6854878659101731,-1.0769329607388027
-0.9276628518844953,0.8755142048748178,0.8016906199294604,-0.10955272516059482,-0.8197259119514119
-0.059984167207296005,-0.36861822012683504,-0.7083419907309783,1.8629264540538326,0.5455268376380367
1.7022275844953785,-1.4765839062796713,-1.2264617545272614,-0.33796981298914575,-0.8677450842359099
-0.900548247369008,0.8715843049203862,0.8123130856467828,-0.2099771613350722,-0.8366361126514723
-0.40707546676632655,0.37961751180569514,0.3101594786384635,-0.08797621090597307,1.2274085965171977
-0.6454065117391561,0.46341669947340364,0.29826766279013,0.5663208131753313,-1.245101141199753
-0.829032808110834,0.6804261489166405,0.5412718295312571,0.36352061919504447,1.1575057753577505
1.0560367143013139,-1.3154241270122728,-1.477525080750104,1.5456478473478492,0.23281290185297446
0.7272868518026501,-0.3892334961059234,-0.03466072849900973,-1.3576613648379636,0.4955926648395501
-0.49472253527545107,0.2722249356105777,0.0771664131757419,0.7935487278309153,-0.0012015476955502813
-0.14121885885057064,-0.2476345746633833,-0.5595175425174739,1.6573701230439708,0.12627781334622123
-0.9059588366430253,0.9137798670633084,0.8786939526885152,-0.38196998290644646,0.3192069508448754
-0.6924570298269981,0.6288631410640929,0.5422277449687353,0.004999308668832592,0.41804480215456225
2.3784759820754253,-2.3204268773101724,-2.2325047166005723,0.8380277433018728,-1.3144061156334563
-1.157688173472294,1.245444820994902,1.268347635107531,-0.8184432533268494,-1.4500003412341707
0.19195288252319323,-0.07903161989955325,0.023505774438112723,-0.4277579266501743,0.03010823128733003
-0.38524965299801966,0.10411700311968075,-0.13177591915059103,1.0940642465628077,-0.9796603874380096
1.02635307320407,-0.7195022841267901,-0.3936860024065148,-1.0620184127354855,0.473481583990852
-0.2904925043760659,-0.018601877370853934,-0.2749311570945209,1.248495605553392,0.009251381926681223
-0.671881478811867,0.49361938274590617,0.3315082024210628,0.5421146589960821,-1.6665928253285194
1.5935231038644113,-1.4174613095615418,-1.2178958362251682,-0.12681699267094812,0.4261980929578109
1.0931048464265403,-0.8647313213080647,-0.6169469256972935,-0.622037710182583,-0.30708688215499935
-0.6949100744380183,0.7569340785729125,0.752526896779134,-0.5781548393284134,-0.9335220965076511
0.16322625275708555,-0.6308663811032742,-1.0011799685295946,2.102294542727681,-2.034060432272049
-1.0356347012029083,0.962470634468284,0.8773442804982345,-0.04032221691236461,0.610714552127482
-0.9261485650769542,0.8617316357026022,0.7798484971982409,-0.05226666716503368,0.7920923558145571
1.1664834713913634,-1.470083569371996,-1.6637494208146633,1.7821243394418391,0.7028419043018302
0.5862597334386457,-0.768683415141675,-0.8709362803658828,1.058580500734208,1.5928472461983252
1.7234519025247936,-1.5115256513654518,-1.2749635116792473,-0.25683069731545094,-1.0836989751337636
-0.3796415800856351,0.29145507956512384,0.18165050876513375,0.20080377788502687,0.7200171385369393
-0.4325657427016263,0.3026939642293775,0.16681923104193755,0.38027259839744937,0.8639330766590233
-0.8732981113771795,0.8052160617379454,0.7197388873585763,-0.021456726411073407,1.797201464204455
0.45523670535635846,-0.9165403917441515,-1.2893199651642129,2.1492373421194477,-1.0633437501783187
-0.6818521949807468,0.6135254709890133,0.5235540131176506,0.029718228641473984,0.5637240206757571
0.5455059809913039,-0.48342181763023895,-0.4211798971534355,-0.09428011405181795,-0.05114100528836183
-2.323660376459056,2.8944993812505877,3.2598064663159105,-3.363346987630259,0.777139026138953
2.299923305364227,-2.1658009039848305,-2.002352458028275,0.40539231331927866,0.7722396321351298
-1.1309880957139216,1.320499216840827,1.4093600293794804,-1.2833183180378194,0.8848375643937318
-0.060832175662640445,-0.37122514295489756,-0.7131897510992189,1.8787259440331587,0.36576483324220727
-0.33814131700715855,0.7548322410240406,1.0702010058318157,-1.9903393599436123,-2.3446889057091482
1.393325451971508,-1.169324578984996,-0.9234194050037532,-0.4661967469525141,0.1475426841122464
-0.18324317182849992,-0.029516488699510082,-0.22525668038614674,0.8298069739503765,-0.22949643072728734
0.10503826325844223,-0.3844905862686596,-0.6303841751184734,1.214424290107821,0.37980361263915163
-1.2672261114474594,1.3757854982956885,1.4147762589883714,-0.9435404844407618,-0.11536791386670835
-1.300112407226957,1.219807066463435,1.1359968930481332,-0.07633632268721596,-0.9016791564285827
1.5897022759704729,-1.4033732370697154,-1.1935578888766856,-0.18220425365823098,0.40363084455322606
-0.3412588334306085,-0.00749581338237706,-0.2886194497664177,1.4191380908248215,-0.023200763744458765
-1.8151051069210808,2.1391375352759163,2.3314832091490953,-2.085933332411492,1.4122276682871417
0.41447597135364445,-0.12825525784347644,0.1718075552043875,-1.225140112533893,-2.0139932977394555
1.308149931421231,-1.0267782629999809,-0.7241307521951883,-0.8039564690051249,-1.3040113164295812
-0.055712434582174744,-0.34996481675399177,-0.6747888678528139,1.7577349880681197,-0.6174153985807214
-0.830864565119259,0.8234311913276624,0.7766665477121657,-0.2916043141944372,0.038032906471108956
-0.5882645879486704,0.5377980527177945,0.4573910275515357,-0.028640670900629626,1.237881284302559
2.180471818086134,-2.0521795560346594,-1.8955639809003406,0.38297515092256584,-0.3376267533181676
-0.706966156437396,0.5158564500242133,0.3461353303980798,0.5925208862195118,-0.324869092012121
0.907730194046225,-1.0060303839874318,-1.0576134792776686,0.7531101290726362,0.2193348505592129
-0.11893103032244631,0.25349062066245104,0.37601214076523415,-0.6132895293846595,0.48862599103032656
-1.0014339927796765,0.9702813560251949,0.911862404809532,-0.226197421748346,0.27101641103428564
-0.27882612439888754,0.01467490535212203,-0.2125190200588068,1.0431353750954315,-0.631120422528958
-0.9548303237889944,0.8148515668357401,0.6841891580232039,0.2906303700330822,-1.8691803134166867
1.215734265420726,-0.9649658474639518,-0.6937340689011404,-0.6848422205578392,-0.4715847685179905
-0.7545871756841228,0.6430592606391764,0.5264745150627335,0.2110384387267472,0.3014868581732624
-1.027145592869634,1.1606762479318693,1.2105666199311158,-0.9965842629034238,-1.8179688358932304
-0.16480489260881984,-0.23986393233232628,-0.5615585301734372,1.7245440186423604,1.1757591848043827
-0.13585528975476202,0.23256288166328765,0.3300294575293281,-0.44113034152774244,-0.5383367917647319
1.8270124020987544,-1.6343806056881829,-1.4162778345710874,-0.11005702575550695,1.2230302123895116
-1.253030010099155,1.3593685610179962,1.3965851746598126,-0.9295314717306719,-0.020242975769583255
2.128021865590129,-2.0308884178969437,-1.9059121732374233,0.5226963907397245,1.2796965056689982
-0.8520939181471762,0.9154675707730764,0.9155018144779611,-0.6254982997108915,0.6525515228053873
-0.3877109568605708,0.050388454976151124,-0.22220521747027888,1.353983450018289,0.03412660260342607
-1.0025585605486074,1.4265527670559977,1.7585474968033106,-2.2050071734587506,-0.20430205828438064
0.6104423111309623,-1.0859853194553677,-1.4715932847534525,2.2558354835511563,1.1541595254146693
-0.1566121326713684,-0.19435498644913388,-0.48110620668831017,1.4776608952705297,0.260477880254266
1.8904166551842478,-1.7205531594075942,-1.5247228224593012,0.03709800081543338,-1.700602422919453
-0.5648800103617196,0.5372221702001968,0.47120599065140906,-0.12829644158313722,-1.075777274826217
-0.9524413414283415,0.9000512835444243,0.8266307515657497,-0.11490988945781799,-3.1314463176870047
-0.8565629977916297,0.8569835440981003,0.8159383240745285,-0.3347414532719969,1.0859553915308093
-1.0915377351672064,1.1051497837711048,1.0780534559057595,-0.4573308129998161,-1.2795455607493862
1.705682471047524,-1.5355016853977257,-1.3408916747945214,-0.04638346681601353,0.04151995435003839
0.5964598087989662,-0.6370440304374515,-0.6444708266287015,0.3990007062325948,-1.1172351187051677
-1.6964719299303412,2.007609599706788,2.188834404655059,-1.9951295191564329,0.8704059035483407
0.02909459942206736,0.17178729013429742,0.3361182410817819,-0.8827689044791598,-1.4208932105095045
0.10513967459946935,-0.0889050805878974,-0.049596687933286046,0.00015003391584864846,2.023332501745821
-0.6883810664078753,0.5918518663753717,0.4835796285626214,0.15879170465706755,1.3045714989243307
-0.8045091814524338,0.7576063716981504,0.6844262087050198,-0.10168857539046562,0.07424831929401726
1.2056505549547225,-0.9748286884762011,-0.7236554730322309,-0.5849933425518308,0.07595120377738446
0.24021360903542757,-0.24981569654092925,-0.23019861182284837,0.15750830992888987,0.6699344426424105
0.23686545679791426,-0.06339829277202894,0.07890046935115146,-0.6982853182438086,1.3019263157277026
-0.5348016495129518,0.28631516492930653,0.07516343754951244,0.9035879786802814,-0.8475820808096506
-0.4977266037265121,0.26835476593337204,0.06886748563687511,0.8246406107736884,-1.7869366570858862
-0.5904436799238421,0.4605638854346187,0.32825817827747056,0.3390434517799095,-1.4086706528563948
-0.3678480130154511,0.6582110679119496,0.8894881631348343,-1.40849564732146,0.7342619834134751
-0.9134123563486238,0.9127551772556346,0.8722920036630137,-0.34460319626860664,-1.934775084789044
-0.2652901150620062,-0.10355082727557495,-0.3995337613697329,1.5321386804471844,0.47760066752983404
-0.6552126004109571,0.5295351851290369,0.4014447881815578,0.3026268811280026,-0.8879916648313034
1.9605051175048767,-1.7587350324393756,-1.5303696833185036,-0.0987214857083778,0.18275328349693387
-1.1022447077170314,1.1662087548032252,1.1722924801270265,-0.6936207694875608,0.5182705433278634
-0.3445129737328841,0.07393128556919717,-0.1559820034504457,1.0557853226221348,0.182924126571598
-0.8824433970841361,1.251380951835997,1.544376580089555,-1.9152647934758704,-1.553835400465889
-1.139229132696182,1.2075847685136154,1.2173785493554032,-0.7236523953812619,-0.6421891637617912
1.2484262621791855,-1.0435216845426218,-0.8179460702404764,-0.4305067064721641,-1.6371783136725362
0.049064632882627024,-0.5620385821438326,-0.9594226362520634,2.282676001548721,0.5942692648690702
-1.537751735262904,1.8134881285593885,1.967961925502466,-1.7894809064029669,0.46620805493849427
0.20448607861833296,0.21179344854248822,0.6403496772913414,-1.998321308135957,1.3218577132960947
-0.8837535200686365,0.9809812074963844,1.003877752381505,-0.7907608268857665,1.1174765756163032
0.5382745510381555,-0.547351377752865,-0.5326464493933799,0.2360571703633046,0.9592468570944782
-1.1271823715434608,1.310387215208751,1.39503663019288,-1.2530802202945468,-0.15325470965205365
-0.6224244497903505,0.47968592314761904,0.3396927306181386,0.39031255584771485,-1.6212455976841198
0.5532148824604668,-0.2350248974738183,0.09820726899101076,-1.330880879171411,0.9725835391999662
-0.9594405083577474,1.159710667955102,1.2517257396798243,-1.2883706247843536,1.213629892757748
1.9148117082609633,-1.7525268119334019,-1.5640826257039628,0.08753706392233178,1.150757892325208
0.19408661617054088,-0.020424490215585022,0.12276036735828871,-0.7108214077339053,-0.3270435284377015
-0.56640793888155,0.5527672455894811,0.49595494445421884,-0.19369586738362946,-0.09426253166260593
-0.004483353600741563,-0.2718886577483982,-0.5132877580596579,1.1715134386337283,1.784613691325438
-1.2425457198535461,1.3147091108592774,1.329332757422377,-0.7683146566579997,0.8699868139470598
-0.9592173671533682,1.0004348315525529,0.9884008676156072,-0.5507560850188986,-0.9598911420447642
-0.19918810464137504,0.16074497534157514,0.07939455806138511,0.01730187608264435,-0.44071044013069
-0.1299985837585078,0.3279368818597567,0.49310587800867023,-0.9122586384617414,-1.476720274546733
-0.7275198857674232,1.20894438244687,1.5745493938192838,-2.39844593961644,-1.101878505966253
-0.5716374618644711,0.5148675630293549,0.42996077691262696,0.004935187660030235,-0.6824682366527368
-0.43355285423341683,0.2523648246683851,0.08294402212157785,0.617977355986327,-1.102458858693227
-0.014947972357189442,0.33042352348052,0.572288863185148,-1.4298593124217418,-0.8658464577689579
0.5076954381734377,-0.6263401019908296,-0.6844853133788672,0.7393989915650415,0.14323042958509175
-0.963860060364542,0.9800341744464169,0.9517232639348694,-0.43583903689789627,-1.149643938014306
-0.49505491699838605,0.4264155820153965,0.3320106426612942,0.07999315171775939,-1.1709686211153938
0.007424529575269102,-0.00025660423095114727,0.034704521087078465,0.015933637263942493,-0.41558060388691814
0.5106389402611168,-0.5303096980069522,-0.5222126784728228,0.2780176402024155,1.3955705947600476
-0.45392575669250634,0.17266951390495536,-0.061749467178586315,1.0766867296778253,-0.6855870803013785
-0.3331381544220388,0.11153051754733104,-0.0866040191489489,0.8316569217276658,-0.2552693155675677
1.2730459118562019,-1.559935896263781,-1.7442910356590988,1.733052282634931,-0.48610004816079583
0.5767564847264885,-0.6579571043585026,-0.6922414009123988,0.5833136452855018,1.8891814466142272
-0.340358929684498,0.027863671545323918,-0.22956133582073163,1.251231942541571,-0.7044222767343237
-0.561861162575029,0.4614928172022269,0.3478448695353053,0.20966443759037012,-2.00816910657328
-0.6301088077299142,0.5501376360357757,0.45137754551317105,0.09724039261659848,1.0407553478739908
1.3680233709586516,-1.1530903472372842,-0.9164764376590107,-0.4299810686505812,0.40493754869090975
-0.11126501197716182,0.2482575365321221,0.3722732849346201,-0.6225673382549081,1.9247081825114678
1.9998869405355448,-1.9164572392368753,-1.8062708440620134,0.5376100379361701,1.7131751926848764
-0.662161885854773,0.6881929759032046,0.6594997045694485,-0.4026894046712343,-0.017696015232386595
-0.06920291909984089,0.2763925884622857,0.44668459476214806,-0.9389380705803916,0.25155517004746775
-0.914453131819447,0.9346434601151707,0.9078412019334787,-0.44154891084231584,0.28900520103255417
-0.8135587166283964,0.7556534149549478,0.6754808716644822,-0.053033401467311336,0.936204028383352
1.9713963013007447,-1.8377854321558165,-1.6775844927792762,0.26255691161019795,0.7042750879465736
-0.7739100283310699,0.8111815568274049,0.7923711110114838,-0.4840222169239874,-0.33770954117165525
-0.7070943979150242,0.6605438740299467,0.5853887409558375,-0.07785979979815699,-0.030524014631297315
-0.5895226498239604,0.4076276693207936,0.24127548672779595,0.5804880497240602,-0.8451750109843272
1.753807083529194,-1.5520511095133909,-1.3254208207396092,-0.19019800315498264,0.7857515711899824
-0.022631138247489555,-0.5108923422098007,-0.9200956758118836,2.359227983523342,0.33101121880405227
0.6712511161555238,-0.36994061746817775,-0.05262893198793397,-1.1903252819391184,1.8788820201048502
1.370685516519506,-1.1643142125918935,-0.9362519010728193,-0.38402644830434235,-0.9773275622404561
-1.237649554541383,1.3896375263575946,1.4563674069877977,-1.1371959602482817,0.5354630854302442
-0.8468178921074603,0.8381981717877216,0.791018656653407,-0.29027290913918247,0.18448812725749564
-0.7767114976248541,0.5956830256328921,0.434135520338162,0.5275422543449776,-0.08886213402906838
-1.4189062374292254,1.5861031204276594,1.6668854297502778,-1.2550995237380034,1.230227299242565
0.6244969515341293,-0.3058891507798606,0.028354900417084956,-1.3014938206176159,-0.6422048108735847
1.399528410701219,-1.2268787204366,-1.0323453143484849,-0.19489637394498255,0.7940332684228829
0.06064721512391694,0.029112978997063884,0.11845569864770679,-0.35528593367826194,-1.0495293207328842
-0.04031209008697533,0.20736630791814573,0.3502647491809919,-0.7436649689286745,-0.7935972167485219
-0.4230018484822565,0.25342033149853743,0.09135303561830699,0.5669136847466614,-0.3486030362234671
-1.3533296419926308,1.5411244529800974,1.6338962352293478,-1.3334753676652784,0.6303843531985012
2.101894404699504,-1.9890455965877913,-1.8485494188918292,0.42893692617186513,-0.9146249556991148
-0.5872721211617102,0.3886099941879013,0.211238667493792,0.6588285968489823,0.9162770451300033
0.5082362606985694,-0.5987521024740855,-0.6380657558429771,0.6081920007488325,-1.5771776469305137
-0.5472038376687489,0.2938121940086564,0.07973254592327994,0.9230923932536164,0.4522586316955223
0.54737534149448,-0.5535518284572775,-0.5370649356897627,0.22498662124020005,0.12554927135721844
1.0143198321884481,-1.21798003983471,-1.3420173189028284,1.2740798517531697,0.18643347929374837
-0.6044445356605761,0.4080640468208951,0.23257402290438975,0.6437596810969498,-0.26062370443598076
-0.4715229876460389,0.23458701390286532,0.029558434626850705,0.8665660135876433,1.4497430986096052
2.0152765084912576,-1.910510192704594,-1.7788290405737888,0.43284156234794624,-1.1755156304101917
-1.0919588953455737,1.1686833367914526,1.1828813819368194,-0.7501045165101612,1.387699293602654
2.120196245633836,-2.0345471524429968,-1.921136570676494,0.5792903880994582,-0.07122476367556792
-1.197610079229192,1.356493520970029,1.4268275869488183,-1.1587059412840122,-1.2146447959493014
0.6909389084041367,-0.7954809366212487,-0.8474162096163387,0.7233421517058735,1.645761727024016
1.0926538243674424,-1.2578700012994823,-1.3575403267750035,1.1158448754844694,1.5090972257104094
-0.04197180866018289,-0.2691260511965183,-0.5323922737885151,1.3227447248577506,-0.864890873535419
-0.4788443205257298,0.8762566468875945,1.181197238689103,-1.9385512926592219,1.0627899944188712
-0.7925302602064622,0.6700029149867983,0.5470819260169931,0.25212718534537865,0.3240860274199568
-1.0354241111233002,1.0800695539350509,1.0720032736018745,-0.5865712502038627,-0.8624937305850409
-0.9843179770345445,0.8461082274237971,0.7172705952755163,0.27471964491429773,0.44068877901895254
0.24999864439097047,-0.05086312052772291,0.10839675412329977,-0.814580489888027,-0.4299324196742227
1.3201645586439816,-1.1523999970234464,-0.9634193596279863,-0.20450014787091148,0.8777961359809624
1.5520033280205252,-1.8809721716627972,-2.0984389668784305,2.0053592070887896,2.7840480141838175
0.519689221757137,-0.5549072794450091,-0.55738391084615,0.35307883608492063,-1.3434654364635459
-0.005659519668202456,0.14786639402096022,0.27350971890334713,-0.6182173600143209,-0.32503653646535924
-0.8104087097920929,0.6755698987882662,0.5450001488060202,0.3045445967639066,1.801114002040893
-0.22409852901612257,-0.12764467753708647,-0.41337571882106944,1.463620081002243,0.5429649233094863
-0.960447982744324,0.8653985896944466,0.7642538098789039,0.0808164049573893,-0.22579451225267666
1.1605747775582074,-0.9012604450033703,-0.6219299789321711,-0.7539662106114009,1.2642947988063522
-0.5925996143608135,0.49242787169301344,0.37960443291652735,0.20071830298570847,1.5755111008178933
1.7271675730430722,-1.5287128359765962,-1.305610223243367,-0.18473253883207588,1.176385033115598
2.0142912782992166,-1.8587095642611888,-1.676149740495811,0.1666542257782394,-0.0997139698352284
2.022471304493468,-1.8564921319209577,-1.6634521193225322,0.11590137698539732,0.41560189463895986
-1.41330244897616,1.6169606695692273,1.7214672190055105,-1.4227126389793365,0.21398339517025705
1.704674132060976,-1.516576000043893,-1.304031836028334,-0.14053301430521173,0.7425606339393157
0.6512290569032639,-0.7297588924875673,-0.7635695001177658,0.5910806356962315,1.110482418637649
1.780158425872911,-1.5840681086651718,-1.3628920495497616,-0.14889664306196604,0.10022932690311026
-1.0337943807209526,1.0586566255830512,1.0376123119896654,-0.494406989942532,-0.8637642514691573
-0.4545284041655282,0.35248223388697175,0.23530678597536198,0.24549957707580736,0.411710908164338
-0.5630593097030343,0.3773324405054345,0.2078745205649545,0.6051742316015722,-1.4169773449856016
-0.7926641527426159,0.7816770126315326,0.7317228439690343,-0.2651399866880736,-0.10969893834268553
1.765831486095176,-1.5446569418979677,-1.298480656111238,-0.28642611221171793,1.7372975256562226
-0.3184909052681791,0.06778926633675295,-0.1497086558834202,0.9703996046446554,-1.5604520547275857
-2.0212334360016757,2.390121639494404,2.6164762557519032,-2.347815764541772,-1.4904540740913415
-1.2365236660370262,1.269036366005953,1.2575862609760853,-0.5828731545180452,-0.8921541724394014
-0.7111228839640388,0.8996342737154853,0.9783355965566126,-1.1689375261833355,0.8450068503243556
0.7195220512299547,-0.3724005607100955,-0.008811551456440202,-1.4085244591339896,-0.5620854424803713
-0.13934989737863454,-0.13767640500554923,-0.37645020401645485,1.1392959312783357,0.5833769583447688
0.044370096496256436,-0.43648708404209263,-0.7547065307620564,1.7210132718082876,0.5227201374722035
-0.8691492510482728,0.8910205716460377,0.8642922760695579,-0.4375023963372229,-0.5979105457289753
1.1152013910273293,-0.881328532688458,-0.6278530968450615,-0.6410107930240465,0.4403052794381435
1.5391975020481306,-1.3861512733955872,-1.21008604395452,-0.030513527719916358,0.2169289942714342
0.25425997294506036,-0.27542179180064047,-0.263795659050565,0.21530638870592933,-0.7706350756949069
1.3441296126253215,-1.1229631289683648,-0.8803059265521719,-0.47316337883529375,1.9492091358583994
1.6301247421435123,-1.3785974935402505,-1.1031556788096164,-0.5052696315117657,0.9615280655299324
0.20568684819896557,-0.5660111032151348,-0.8670855238122617,1.615749760515535,0.9382965260209533
0.1430820962583425,-0.03840616328389754,0.05947148028850528,-0.40253570513534565,-0.0774043937033114
-0.24362680998368114,0.4340839068835423,0.5962486428949686,-0.9082033112875322,0.4909333939786066
0.13661566107103745,-0.010930218372345904,0.1011341139510221,-0.502401746821343,-0.2637859040757316
1.4288497942263367,-1.2387856433362257,-1.026569157291885,-0.2729823782033533,-0.006242692977502035
-0.1571698016386903,-0.10644257640157438,-0.33603825236432583,1.072435342295501,-0.5050449413420581
1.031820890057577,-0.7141793311685234,-0.37751157746311775,-1.1160294612478472,0.7778203962666497
-0.7073426338864488,0.7062103749243963,0.6607711236303072,-0.288537421627737,-1.1883723127925205
-1.4133242669694446,1.502235887961983,1.5316816861223885,-0.8906175335418328,0.21159229189333972
-1.1745721624358172,1.2155893768494048,1.2082999339624174,-0.60611717565778,-0.49570376463140164
1.9602931714539622,-1.8411655017482143,-1.6955605762735109,0.33338239833214006,-0.5829299241877052
-1.4821604850860155,1.6893960883400996,1.797801683147671,-1.4572998049967163,-1.289721126991416
1.1958740122500642,-0.9518956010257653,-0.6876287327037489,-0.6581287658805114,-0.4228100685248392
-0.2641573539899938,-0.04563771917928679,-0.30302156803818975,1.258628351002973,1.4883493705550015
-0.35826230081403376,0.6000691841409019,0.7986533321215579,-1.179146468400878,-0.47034360984746115
-1.4800592172126055,1.6453925395054987,1.726340274375355,-1.262442091302943,-0.024320943016847257
-0.8091708609811709,0.7855304235603257,0.7276728300466728,-0.21077889310042777,-1.3590890344718953
-0.9851791093468372,1.0222999909564487,1.0081740156281127,-0.5385453974012844,1.0103621620718573
-0.6230443063628847,0.3341523669884896,0.09856726212265009,1.0678904379276462,1.2127517804439842
-1.7544504897156261,2.086683345252193,2.2830201240238397,-2.1081062273930593,-0.3817089186277058
-1.0342401149844531,0.9635847750570479,0.8800679267520661,-0.05159111987483174,-2.9203850104888085
-0.3499692657234802,0.16735756898056178,-0.004886808923044816,0.6464263343859938,-2.1832914177113922
0.04105836390935241,0.24896680066881882,0.4727959728297259,-1.2957925104687793,-0.879712878832403
-0.41012142183520234,0.07125139254650856,-0.201847231070669,1.3553019421325094,1.5860629728126852
-0.007541205580960048,0.15100978189645028,0.2775314457985145,-0.6246205368360765,-1.1420016634272607
0.4199746187603051,-0.3568153647438216,-0.29163635256156334,-0.1334151699854234,-1.0830777904177553
-0.24838240641006123,-0.17162759833347963,-0.5014654475087503,1.7738382662359449,-0.7991960112401278
0.9152321481917697,-0.6363829671594861,-0.33953285234110075,-0.9647949582985282,-0.6683028903607409
-1.1398306577034076,1.2035823528843985,1.2103780939002966,-0.7024603143631967,-1.2748854549091195
-0.03179576201414918,-0.28074367610514817,-0.5451832841668197,1.3320894117751028,0.11220609378806243
-0.8661960820954846,0.7792485330867138,0.6812697461929218,0.06788235480487562,-0.47186852657568695
-0.8372392866204938,0.8851245394213576,0.8746907784778037,-0.5497930578420568,-0.21175909880830227
1.551967949894785,-1.3326401630419953,-1.0900938203126358,-0.3714921101468096,2.8329841845767367
-0.9459559168426172,1.0255694330767857,1.0383519332243027,-0.7253392527951779,-0.8624299186407983
-0.12967932106341368,-0.230161394072076,-0.5233270024060795,1.5258491000385046,1.6401343864022255
2.44824436606266,-2.3546169294111916,-2.230485514222748,0.6828642551960431,2.0013408885527735
0.1258162042614256,-0.07134682520671304,-0.006793360027157604,-0.17277693847749206,-0.7116344195304537
-0.4059197253292749,0.23761773547710113,0.07600070968563453,0.5654452303724129,-0.6715764226691344
-0.339770331432426,-0.10279093720262554,-0.445311675540464,1.8545254879992057,-1.6087411393447626
