x1,x2,x3,x4,x5,x6,x7
1.701903166944321,0.6397730504648201,-3.429207620519274,0.5707262385125745,0.16227781616754622,0.36582959974463947,0.1787160132022546
-0.5559128061572337,7.785627962582726,4.204672393334691,-22.296009480264726,0.9932133227796737,0.9048318278946857,0.06183389518792792
-2.0220631247596996,1.6803551712296967,2.7399020308364914,-1.5104262054756366,0.030064043578996058,0.7427712142544038,0.011338311112901067
2.228872544500605,-1.0960898008233562,-5.18117923443986,6.125487362634739,0.6050615290083946,0.6793193656078323,0.7637044004001884
1.8135636994563218,-4.7428999081830625,-4.299422248707604,11.622379798002738,0.8363585606829892,0.09122410662645275,0.9942330337856957
-4.151141836307335,8.645231001295825,5.402232843951058,-9.868277201554989,0.11070612640840005,0.6763774717685087,0.25148458628906645
-3.6840727887242175,6.400190659205558,4.9358081560374725,-7.174228791046669,0.04177199769004869,0.7525792902378174,0.06566887360843487
-1.5569399937282968,-0.09957396695124035,2.2006631718604117,0.6254887603414891,0.4042911311674583,0.5489084243240004,0.34310504365816563
1.1406225596545356,1.308625363733932,-1.0470057959006278,-1.569601163948583,0.2322448047853657,0.06547177654692249,0.21289450972352175
-3.280596271933363,4.937047764020132,4.454772841212866,-5.418457316824158,0.6516631286542511,0.8621342861209648,0.2387477593883911
-3.7140557969033665,7.747355803593721,4.768415450567334,-8.790826964312465,0.08098677028041545,0.7394743762541625,0.477517487475951
-3.6183659196399742,7.012331835837674,4.717977903463818,-7.908798203005209,0.4495649241354711,0.3695114023688044,0.868326114097137
0.6365746781225147,-1.116632670042191,-1.5337903799225148,3.6445918740928205,0.9159494231717236,0.13593796176439155,0.07138207229249771
-1.7043218674372649,-0.4158091978489268,2.5159136804487203,1.0049710374187106,0.21370083041380872,0.5381093739781625,0.19854135382181637
-0.2604329941675784,1.5869382748117726,0.5920227745092314,-2.3032642045858998,0.5796004869770078,0.408398657749922,0.9638563948876467
0.44039488600793003,-0.3077001794648885,-1.1343162847940935,1.864940394822755,0.5775778358009385,0.8471291153294644,0.4789437413551253
1.5611704014975547,-4.142006248042413,-3.6532168321857093,10.300413745693309,0.9500232787159366,0.3194402054829044,0.9248934876263798
-0.2744305070341791,-4.235890844786039,0.5872291309957682,5.589069013743245,0.04733950305301038,0.5854524126364934,0.18124906823545828
-2.9857180136739156,5.3567014908193755,3.858975256157689,-5.92204178898325,0.8322893652047707,0.07505305573440257,0.05307691025079497
-2.7626721281332167,4.529355175259581,3.5960896304487235,-4.929226210311498,0.1657689674906736,0.599892393501615,0.06854602755748584
3.6858549026801435,-5.774604953611842,-10.077951844285803,21.096735851557895,0.6977824640902416,0.5836371383357746,0.12093274719064484
-2.5622130599755915,3.6448839539731535,3.38293791329028,-3.8678607447677837,0.97992177052651,0.3864235970725608,0.9355501918815916
0.7737156366508205,4.055821645864521,-0.5001740560148658,-10.360629266766463,0.4299643334373284,0.6828700458959923,0.8600954403321276
0.15486274554820564,5.239152183802295,1.931348665997766,-14.147286988167345,0.9628874011564627,0.40750694617655203,0.6829978901281368
-1.1123537370905534,-0.8411237501238439,1.5278006460152305,1.5153485001486129,0.45889039735533277,0.29388384536278633,0.5695673559650817
-3.296029878172859,6.60764102504708,4.208328103360178,-7.423169230056496,0.5223824364760057,0.7818551531109462,0.8617326802792815
2.44286005419696,-1.7204519010936374,-5.927827513047287,8.12344608349964,0.749465938076533,0.9243803641643569,0.23721854785633556
1.4688455225144936,-4.140346854339603,-3.3512356290770144,10.296763079547127,0.2260026223953644,0.5557993257022484,0.08962244398500752
0.9078068767889199,-1.7169776985492762,-2.2418818984914703,4.9653509368084086,0.9461668237975281,0.8860308537331131,0.46365460441650785
-3.459594913920402,6.934432479273022,4.4470238567654885,-7.815318975127626,0.20308998425582991,0.060617514394901706,0.4926085220067946
-3.5282798554334356,6.481013664814843,4.644141039797747,-7.271216397777812,0.7603923536911914,0.08005599401641994,0.1598205264759902
0.7074662243983294,2.183291831477407,0.6345987741346791,-4.368533860727702,0.05316200170807739,0.7305670268140886,0.26679586773919584
-0.42268016559414984,3.1095162875427866,0.6657177452682547,-5.652935832594131,0.8096115857122903,0.6305808514884471,0.7182580986061207
-0.8757126256453036,-2.2598145781214822,1.337617184111245,3.21777749374578,0.5912851159739362,0.2612286922511817,0.3082087516383083
0.8049733308863278,-0.9560741082878949,-2.1337910586992783,3.2913630382333694,0.43834704150175674,0.6869415657154465,0.5347266853042703
-2.999044235485407,4.948445337512219,3.949755643160407,-5.432134405014661,0.7746046162102013,0.23642611300962824,0.6431443483491429
-0.4172546700656229,7.694509798303222,3.583757537515347,-22.004431354570315,0.8661564206376193,0.6561830774769011,0.4257589088196161
0.8504680939517912,4.456899867435438,-1.0413710602427388,-11.644079575793402,0.7215516638964469,0.3147478123285823,0.08187487683086114
-2.601336227668248,5.007215861165862,3.2293913476130305,-5.502659033399034,0.05463825939961586,0.4587368305897027,0.11556889592079012
-0.2209764787233174,2.056606793097703,0.32151456445406335,-3.336534944814947,0.8113922587469474,0.10820345605052839,0.8464785444053413
0.9673580179350187,2.4156410783480298,-0.7055390549907657,-5.1120514507136985,0.6004616609001454,0.7614777533816305,0.897082509197901
0.16925041066915059,-0.593856752938871,-0.15992391903515393,2.494484856465517,0.5733662836658981,0.8158850227325725,0.2866683651591472
1.9146716945947795,-0.05569639576204385,-4.138943810339925,2.7962284664385404,0.8936308686130863,0.7067790284293001,0.20205309481912292
2.115567794135412,-1.4014969367494772,-4.507640957416752,7.102790197598326,0.5252705462775981,0.18516043278597527,0.2096121441428217
0.42316476385984647,0.7975361649152592,-1.4102319795340423,-0.5665795628135699,0.2448290861154938,0.7005802934376587,0.8671110913076611
0.959139065493982,2.6442038211733268,-0.7663475489967754,-5.843452227754641,0.20051973999757255,0.5112878799874307,0.24218215429749013
1.2468316935346786,2.144091534334088,-1.9185833027689458,-4.24309290986908,0.7600270970553231,0.15060680543974359,0.9893673414920608
1.1977193678214066,2.461650110074895,-1.8234434240104542,-5.259280352239662,0.6222039241009334,0.9286075228795524,0.17371362610613206
-0.45238361466168636,7.4167065396367535,3.87267732907904,-21.115460926837606,0.9604518440887406,0.18553766891626167,0.9971118754676758
-0.44531861859553057,2.9769042293442034,0.7797662023152298,-5.361189304557247,0.411403775985134,0.16896050268996532,0.7697187904801446
1.4095669846909202,-3.9467760934795924,-3.2152342742503457,9.870907405655103,0.20080768863217546,0.3348451357953647,0.5105629976123253
1.2642998667974557,2.7509159184448646,-2.2672584144466352,-6.184930939023566,0.10958301607906806,0.3889027497283922,0.009188162847414083
-3.4342213148503666,6.476577872014507,4.476781288682735,-7.265893446417408,0.835875880713438,0.5143038761782932,0.18086523665301213
0.1391579832296539,-5.606233637541031,0.07290132303373731,7.233480365049236,0.12601965077825295,0.8061961226774843,0.8856224253547349
1.3022738621277115,-3.1600318554187687,-3.1003034910536345,8.140070081921293,0.5111286506957412,0.8523708062530286,0.8184208648008959
0.87018220525924,2.718974327027461,-0.3751318837912952,-6.082717846487873,0.47936576557284416,0.9807192206123898,0.6001003153850613
1.1889621216802655,1.2994353629803523,-1.2733466148936208,-1.5401931615371254,0.7685430667358858,0.04259316903926447,0.49738878683262466
0.8564511818623831,-1.5628389054731544,-2.119979870297492,4.626245592040941,0.9758281404735807,0.698686283358793,0.4929046245605374
1.4464765646296627,0.4237133781394846,-2.117473739579633,1.2621171899536516,0.8217872396166872,0.9023313032467616,0.6717290111771101
-0.33132254206273987,2.1291478250973075,0.6612223493978729,-3.4961252152140774,0.693355341954246,0.05516641905079944,0.5769278755720095
-2.096505638410079,0.1380067496930451,3.125924076892534,0.34039190036834377,0.17040858077566456,0.3421565138760153,0.6227903563427777
0.8480372299169893,3.48052934424545,-0.6027125555909131,-8.519693901585438,0.9306904151625088,0.6503139827165862,0.689820416777159
-0.9984371446628897,5.151782164267952,1.9378977065689182,-10.145920761389496,0.7575839859446316,0.9186490426579093,0.043384271895145154
-3.488802812596344,7.277922688989325,4.4428775635969435,-8.227507226787191,0.6659261004834459,0.47475692711190554,0.6021043255196069
1.6478283665868376,-0.5390603246008047,-2.655882318643109,4.342993038722576,0.5793857952737002,0.7368527448898643,0.9153496591847455
-1.6589080902917306,0.9797286673117754,2.2058486044155203,-0.6696744007741308,0.32400677679360634,0.0301602793100465,0.04560317838963324
-1.523159960564891,0.41082602454068545,2.0565762650704396,0.01300877055117816,0.5546170361783722,0.2809468539063601,0.8468170847371336
1.9182482565239432,-0.6121753310805701,-3.9125783092932447,4.5769610594578225,0.9912413092514651,0.5281223480208854,0.7679320941032327
-0.8453816971446938,3.396185466526029,1.9643904487691046,-6.283608026357264,0.29448583038108944,0.3965788738273016,0.9618517174161737
-1.3144960877586958,-1.4626152156512053,1.9909816914827878,2.261138258781447,0.018359561180148143,0.21243559925866595,0.7109079363919927
-0.9921305069955788,5.150227821783624,1.9177029491743245,-10.142501207923972,0.19982123858189704,0.9035199998275343,0.9495496599715699
2.1653622751576624,-1.1816436939393467,-4.841100967431102,6.3992598206059075,0.18186512170546731,0.17013392081647005,0.9630159410380262
-1.0424540165944685,4.772946857882063,2.196031514371588,-9.31248308734054,0.689224379210868,0.41603327270031343,0.2010308502606779
-2.0817718837421033,3.016703317199814,2.6274050380531127,-3.1140439806397784,0.6202326279530765,0.8398901079563909,0.9269506163433298
-1.5791649327808546,0.3402685264892998,2.168233430926678,0.09767776821283972,0.8797059703529218,0.23354197066901727,0.797801020418054
0.30283849202424634,0.7134455015140249,-0.9907242534613527,-0.3815801033308543,0.1412693971797898,0.7180454738992796,0.055479257327581855
2.238143734572433,-1.9019695929658498,-4.872860852722703,8.70430269749072,0.804109401993369,0.4793927819796251,0.07135224999319911
-0.22920806753147174,-4.981679897936369,0.628745220487531,6.484015877523641,0.1842898595861886,0.573220637632227,0.5977647251603043
-2.4951253131439906,3.584935643873047,3.2728819791702284,-3.7959227726476574,0.38441123019992696,0.8117215245420042,0.4040202362074564
2.1234051748541334,-2.47558705509765,-4.075171905564321,10.539878576312484,0.6275042326304082,0.3172525672918528,0.21514004452240143
0.16786863449781061,1.056043360136225,-0.6515538748488999,-1.1352953922996947,0.1723242458197437,0.6063304193446696,0.5810807967845323
-0.9834465875774574,3.3153350034390483,2.4410400923670643,-6.105737007565906,0.16049703313362584,0.6300595662629132,0.19644290617077864
-0.22765579865622534,1.7893446301730938,0.423768670264818,-2.7485581863808064,0.9228093641040275,0.49864948219057914,0.03756851204939127
0.4070086989482577,-0.44046750486247155,-0.9850087755236346,2.1570285106974376,0.6304577152890833,0.3465727076629507,0.13652297186825568
1.9221326051431231,-0.7473948921541296,-3.871942648948443,5.009663654893215,0.29743937923721886,0.6528132289692329,0.10212282424552721
-1.8502768487507006,7.403960037085709,4.051471563819327,-15.100712081588561,0.24805391655311582,0.013943743315640744,0.9189205182330861
-0.07038514267024129,1.6966636581134698,-0.06361976213751891,-2.5446600478496335,0.002010325379921407,0.6741737668542833,0.9392774400730978
-0.7112663001999683,-2.058878802007171,1.0107840694635655,2.976654562408604,0.24922041991766386,0.019771677447822822,0.672862377080817
-3.0273718513792005,5.44299591012477,3.9192579937535874,-6.025595092149723,0.2002688540944514,0.845512441775021,0.9363436477088525
-0.7439304313651032,4.364191369453267,1.340911648924616,-8.41322101279719,0.006591400039321238,0.6434109622670927,0.24774058169859092
0.2391143183471314,0.5863085334351925,-0.7437148005242781,-0.10187877355742374,0.6051476957002556,0.4048740984614916,0.6072800496640063
3.2399294426476106,-4.815220467516915,-8.372552938019776,18.02670549605413,0.8211865246455942,0.4775755554775447,0.22738550019522807
-2.9730117483323824,4.3281542192621485,4.0049798711265225,-4.687785063114577,0.10797034287776297,0.2274258869627409,0.8963656921849994
0.6796810788716519,3.513708831137479,0.185070190088196,-8.625868259639935,0.9729100141888144,0.4217621048273337,0.5290826115022823
1.6475978118570274,-0.15399974532531774,-2.8232129932252907,3.110799185041017,0.851775166070322,0.7626725903109922,0.8337718842356784
1.1096573276569215,1.6198645556907176,-1.0355811426326629,-2.565566578210297,0.8852583050476178,0.2080554343615062,0.7986803346260194
-0.4670302108074274,1.9697679414563254,1.1537644463944465,-3.1454894712039163,0.9543081649085104,0.38166633016578866,0.6176172590348633
1.39683904212965,0.9204206647903586,-2.098192503064273,-0.3273461273291465,0.6712796634856937,0.8329214625697925,0.4077186949785867
0.9115747314941292,4.110528849504275,-1.1810665913062668,-10.53569231841368,0.3212328507740173,0.5665369385357797,0.5928035744304149
0.44289013067244243,5.208582690593197,0.5721348910396236,-14.049464609898228,0.46400440419660227,0.36920509325978534,0.4506199211766503
0.6581985880016825,-7.549115696721271,-0.5359618084487269,9.564938836065528,0.9452279143047387,0.14256863275915144,0.30961762160315387
0.7110902446631335,-0.5784610928820955,-1.93976132184978,2.4606144043406104,0.47158084307787174,0.7242386652022769,0.6241485750355587
-0.52994410385603,1.8906296478133962,1.3836850763844324,-2.971385225189472,0.9284714217556573,0.9531759553846169,0.9391142016797612
1.123768298312663,-3.1502964137022738,-2.518400668768573,8.118652110145003,0.7451624780390218,0.5098969546551984,0.2906441329931263
0.12243455385289087,1.7574903875214964,-0.7136388059208995,-2.6784788525472925,0.618338679850719,0.5204805750097363,0.2022306067765285
2.5743477351531423,-1.8574899455426952,-6.494485978967231,8.561967825736627,0.06616719898105727,0.9862527760820623,0.17850998778546168
0.023908922347805707,2.1716249172639346,-0.5153816171138358,-3.589574817980656,0.9728853147455433,0.6171416092400905,0.6059089718133933
-2.116230996929107,7.678607660981062,4.84021435807559,-15.704936854158337,0.8781093326354289,0.022084200754582062,0.6623316675966305
1.8046763062436604,-0.754050518011471,-3.3092972213000205,5.030961657636709,0.7797984354303317,0.6637487800835356,0.007658907751262656
-0.46729105361885426,2.539005191925239,0.9834383366586421,-4.397811422235526,0.10429564679772829,0.47942431043142886,0.9388788834122117
-0.5631287200995593,3.3433948414953276,1.0555317608549255,-6.16746865128972,0.49405835822122013,0.36676831356716477,0.2353172790989907
-0.9150309515532746,4.353192029192659,1.904788982137469,-8.389022464223851,0.1907593846506711,0.798713442255169,0.13104999060259737
-2.164106495923223,2.64064089377925,2.836226195749364,-2.6627690725350996,0.06973551737667694,0.15940399896756285,0.4356007937530384
-1.752559625232244,7.607962127105131,3.6699772404156077,-15.549516679631289,0.9013841596962807,0.5196931151561841,0.06353344804886762
1.4364348603357873,0.3402955849274782,-2.0331325399281717,1.5290541282320695,0.06371997081046787,0.35645321560246146,0.11761009309140902
0.48973929198495236,-1.280309908971611,-1.0034987005390932,4.004681799737544,0.4997522957918574,0.4415196979842778,0.4313385745492144
0.8952196507371184,3.0238132421239117,-0.6277866314345372,-7.058202374796518,0.782007134369975,0.2843758624410212,0.9348141339493271
0.6637725448231192,3.403299382172397,0.3091759990869373,-8.27255802295167,0.41398570396156553,0.6329752806022718,0.10049155168842183
1.4950170184055747,1.7038485854415815,-2.90873573371727,-2.83431547341306,0.041512372403750164,0.9822617832482244,0.7261505561185272
-0.3877255866455619,2.488752466925341,0.7378732305101412,-4.287255427235749,0.04910280777041465,0.44770511389786816,0.4776411619470562
0.5200864440133538,3.5221507586387046,0.9419206716569879,-8.652882427643858,0.17131080081633654,0.6871720466116609,0.4009633847887706
-0.5019112683533727,2.6313263977463306,1.0691003466354627,-4.600918075041927,0.6442800470159527,0.7044098198851407,0.429111824043947
0.3491164133204855,1.04171440238431,-1.2410595442144832,-1.103771685245481,0.4073734893340927,0.37366281781792643,0.4943045975315681
1.4772914950896285,0.015742757844190214,-2.085870834707169,2.5676231748985896,0.7813660668740955,0.3052295999155862,0.2786647134283996
-0.7771143517005789,3.615046469643281,1.6749131894485936,-6.765102233215219,0.9192524317004946,0.619360908153373,0.8247223953878388
-0.9149361125653588,2.861582877235785,2.3530341107468247,-5.107482329918728,0.5848360488927926,0.17941346441040573,0.9064670562285626
-1.93080885045363,1.2426460005354427,2.6486229470537666,-0.9851752006425317,0.29044518497067284,0.3849717823626315,0.5260434915253277
-1.0137221680678121,4.428873192435988,2.205368171901132,-8.555521023359175,0.2815745352067349,0.6282539870037049,0.29994005078847785
0.3751816146695679,-0.4713855083156733,-0.871437360236878,2.225048118294481,0.2490027182164003,0.9658054850585532,0.8411595299589101
1.7030230392376113,-4.080866533013805,-4.136348712149864,10.165906372630372,0.022580092876489988,0.664405121819917,0.6486185118888834
-1.043150606422563,3.742517478468181,2.5081838529846427,-7.045538452629999,0.388126207784524,0.35204680515930575,0.3742340054982569
0.7096658606964863,-0.8894213319309496,-1.8415828869529938,3.1447269302480896,0.9301176516328072,0.18977836643871582,0.3912589736735661
2.472598477411134,-2.5173735402841335,-5.720963454588919,10.673595328909226,0.3437871485763804,0.08581753050659424,0.9885992942568853
-3.7573092056719406,6.416237391253906,5.064053195455545,-7.193484869504687,0.3794139074686306,0.3976503576936157,0.8466559363259593
1.531360343503296,1.9902480049101985,-3.207202663562036,-3.7507936157126354,0.5245748383316858,0.2882793477190789,0.04710691649489718
1.4272783859022382,1.1242152019428726,-2.3323919935235184,-0.9794886462171919,0.3015456676363899,0.6201841480292409,0.2921209291310447
-1.089987894624565,-0.8197176273456623,1.4843205390519638,1.489661152814794,0.6990010422962045,0.2836798572816307,0.5030731650782937
2.468247197358602,-2.086604404478298,-5.888650329050771,9.295134094330553,0.34560110159178226,0.36039946596494865,0.3686784333182661
0.07707795629728942,0.4838258978309777,-0.18202319300086664,0.12358302477184938,0.5651133353350046,0.3197011768946153,0.2626960205683503
0.7257801533313084,-0.49088747638531566,-2.014224354778213,2.2679524480476947,0.5345304373507223,0.8785273893292318,0.1585828797870209
1.6128047724041696,0.43876612030011714,-2.9166896500343085,1.2139484150396267,0.8733880583864987,0.6391209005210391,0.8033799560568112
0.26555658760873846,0.07807127559945147,-0.6775097073170975,1.0162431936812069,0.09456901243733906,0.31464674088613653,0.8952937929916667
-2.73692990558997,5.047317413397036,3.4651262699503325,-5.550780896076444,0.7021145656856906,0.3189995232281756,0.09306164283953466
0.626692791765435,4.240310232898411,0.11976138542699698,-10.950992745274917,0.6961241159074856,0.07852748011268518,0.6189211924462381
-3.1331145844727275,4.374577445085962,4.283476957086802,-4.743492934103154,0.5309097145687721,0.24065158049320934,0.7990089697045373
-0.09281252552070811,1.140975044840825,0.17696451257398577,-1.3221450986498144,0.8185588938110938,0.3275205255325385,0.5960864541602597
-0.7737161434482357,-1.2618556815249322,0.9916503566281306,2.020226817829918,0.5004124577052917,0.21318451418867645,0.7407905632774365
0.07888362617202707,0.04792021546075936,-0.05685372924461036,1.082575525986329,0.2767035467174578,0.2164871845990901,0.1797949604603395
0.25766861524897844,5.669066730660631,1.2533816693159014,-15.523013538114018,0.05355422337320104,0.7475703302320643,0.3515501557609695
1.1029145774524802,-1.342014761596015,-2.9938638959506916,4.140432475511233,0.4422974060810131,0.4451114086572434,0.7794756405365225
1.821520082508508,-0.7048049497386627,-3.4111061993490988,4.873375839163723,0.2164945182460014,0.27333510202513245,0.23148112867060966
2.3264760961791926,-2.463161358382197,-5.048334931794675,10.500116346823033,0.0664046218514136,0.49019500388993387,0.37397949274358266
3.1275819197431725,-4.394793910680825,-8.021063265240885,16.68134051417864,0.06550125547481989,0.2751369969968196,0.6643256116644647
0.2860948461638606,0.04856708256001862,-0.7359258776548987,1.081152418367959,0.12331416022871078,0.2972062506211526,0.17419244768247477
-0.8125268150303847,9.247453166530963,4.788141077345647,-26.973850132899088,0.8885934982131236,0.9533281741683572,0.6954068631740917
-1.2918285961388885,-1.005123671868404,1.8754319640251758,1.7121484062420853,0.41295596074562,0.09133359480010683,0.19292147798784742
-0.4380099181191364,1.854837830712083,1.0932481682567605,-2.8926432275665834,0.2193993956327076,0.4790002582367888,0.5927269907088503
-2.822256214036523,4.777626458623485,3.6618457576263084,-5.227151750348181,0.10419295281450369,0.6950746455271843,0.9767766610371145
2.185286713268489,-0.6899301326706824,-5.151130696422078,4.825776424546181,0.6394854143131556,0.16616049417020562,0.38740447084416607
2.2767447010878037,-1.03715796065401,-5.435089827286312,5.936905474092833,0.7961845865549118,0.3551664689066135,0.19842961204355813
-2.85163036534583,4.932033002954292,3.689011728665801,-5.412439603545149,0.4643404120817226,0.4293239629380674,0.6823840260409616
1.2250566527936895,0.5092388340631571,-1.0997140138243147,0.9884357309979005,0.5664466933189761,0.5473541189375088,0.06772586690882687
-1.5024463678488116,1.7334393360391929,1.802613387855764,-1.5741272032470313,0.05269652177252859,0.032921086751319883,0.8699664221122967
2.3476542070104,-1.7355740159591109,-5.467512565132194,8.171836851069157,0.5773389161978242,0.8247791195145209,0.7188819950594003
-0.6358961881648253,-2.062424615031262,0.8766754990133478,2.9809095380375155,0.815419673814691,0.2890115591343122,0.8927321817220717
-0.22025963741547946,3.7299376369041535,-0.1840370816085186,-7.017862801189139,0.22642510939916716,0.2692273566532367,0.3618739019976581
1.7223167304494615,-5.586568960322049,-3.7467658741382963,13.478451712708509,0.6102108992547651,0.4942553737976243,0.8184193013760469
1.6336427273787757,-4.0364688406001275,-3.9223920900086986,10.068231449320281,0.2760681557592696,0.7043318899323793,0.20986569257773946
1.2980717521204388,1.6121532894463333,-1.930090997143278,-2.5408905262282673,0.9171197416699967,0.3490140220497042,0.46055153795643167
0.5251592315586496,-6.805361289393574,-0.42021090446759024,8.672433547272286,0.029202220885978014,0.9670007600424179,0.5659092324949712
-0.06248031165667892,0.5307117015769595,0.26110636548586114,0.020434256530689227,0.5596771365004101,0.3210398921838944,0.03950068709848775
-3.5916576608775816,6.5975723979439875,4.738281383373153,-7.411086877532785,0.28165341561016466,0.46867871323292454,0.8431302271275173
-2.083929925278578,1.2328651717867818,2.923862356276691,-0.9734382061441376,0.37251806108762386,0.9240943497724858,0.6661660163349283
-2.0212517607117437,1.8115544285681227,2.7169316287010354,-1.667865314281748,0.745221405658826,0.174023126308394,0.5566878108828853
1.2904424697953145,-2.779579312146721,-3.175950255374484,7.303074486722787,0.9468331366257481,0.3351598729682379,0.3107838852420538
-2.2334733823672055,1.7610061389294192,3.104473728146928,-1.6072073667153044,0.21466290930112775,0.5496250123137822,0.18588490712479233
-4.500182958662856,8.743933148841156,6.009796914663849,-9.986719778609388,0.36926849733518474,0.5176406150134008,0.0856684164397663
2.0441433702710206,-0.6062062608157288,-4.515138329567825,4.557860034610335,0.5247152504086455,0.9676371510283559,0.1665266653825237
1.2697361625224388,2.1433121805876705,-2.02739291104024,-4.240598977880546,0.5298662160951031,0.9335220340612498,0.12493682299607567
2.245827952091298,-2.4035041318111845,-4.690103483821264,10.309213221795792,0.8096164146980049,0.43043600868954246,0.11203420527011065
-3.369468913712158,7.274124857201733,4.230244830373384,-8.22294982864208,0.3795741038415549,0.9514682745359354,0.4066707546964251
-1.5619475228748443,0.20264573337995193,2.160039150798909,0.2628251199440577,0.11632065499784205,0.04271948465762476,0.1313533642401138
-4.315526880985776,10.425955060846004,5.403907207550921,-12.005146073015206,0.7179760732449438,0.025505362961820377,0.04663384116040403
-0.6749423998262911,3.6730571276075095,1.322726481632368,-6.892725680736522,0.19603538481078353,0.13713310673508683,0.5684070342050959
-5.5521273412048,12.48018345714298,7.276821933326708,-14.470220148571578,0.45919820477597395,0.47807499005264165,0.8345554071591383
1.213836234516854,2.3202154549948397,-1.8383828878248225,-4.806689455983484,0.1665201400802645,0.6355633814978664,0.8561287959059087
-0.9126542518967398,-1.2610041148117699,1.2398000718622912,2.019204937774125,0.505299431120174,0.3950692456337076,0.011997158943724218
-0.16666942087643613,1.1301933837086893,0.4221810850942866,-1.2984254441591163,0.4760448868838507,0.7657747998174096,0.3214551283872452
-0.020861684332600886,1.451679380997112,-0.15219990705476868,-2.005694638193646,0.7629136229176459,0.551062270923365,0.20968634497232952
-2.498154136934242,2.0565639996130636,3.5289915713905597,-1.9618767995356758,0.07047140463441648,0.9603557966491848,0.27422121676751554
-1.4547717244294847,-0.21874364657525436,2.0376305862604296,0.7684923758903044,0.5859473501692153,0.966627797990355,0.529866685394916
0.5649757858915226,-0.6683227159404351,-1.4340293767531602,2.6583099750689576,0.5799880996354837,0.1872145376361818,0.49305224120813906
0.8470602077134366,-2.312694277313282,-1.8637165309424737,6.2759274100892215,0.6191388715358668,0.6860664111519538,0.5188847384124735
1.293271984469238,0.9861536530854839,-1.6333993138130962,-0.537691689873547,0.9917274248841008,0.3317809009199344,0.7641065834030366
0.2482651351493008,0.646158801868641,-0.791693384641013,-0.23354936411101004,0.2438718274789381,0.4455029163790102,0.502969401420786
-1.9081317750877786,0.8777218290738144,2.667955936898714,-0.5472661948885775,0.8000413301030794,0.7044505227149035,0.0425659573175825
1.398866090776161,-3.601910072913777,-3.2838832855515676,9.112202160410309,0.885752549475387,0.7264962099618113,0.5517870034067438
-1.3586609284830766,-1.0092991560922984,1.9955496071518026,1.717158987310758,0.3139950251464608,0.0622000273649983,0.39966153618984335
-2.978908964133465,4.382189714578163,4.00665511653504,-4.752627657493797,0.14221496523877086,0.1684279148901282,0.8336259810239538
0.5379323527894145,-1.7452549385370224,-1.0215736476938984,5.02756086478145,0.6234250259164424,0.6742646167735955,0.8386653254900774
-0.6008608117276095,8.07767832280093,4.2911248896551974,-23.23057063296298,0.6719759658396649,0.10339458772232513,0.3964136455765087
0.03673338447177694,-4.591484295178413,0.08949114551998849,6.0157811542140935,0.4024964730612841,0.5162775152725358,0.5397613971358927
0.9657960610996447,-3.2436893205255366,-1.9727576447971995,8.324116505156182,0.5205007145770989,0.16889747139395217,0.8296215718969463
3.3937207136035403,-4.153549071931962,-9.394861993651237,15.909357030182282,0.07525478577677458,0.8713025916139875,0.7834776644002927
-1.6022947882651881,0.8716325886302297,2.122408650246787,-0.5399591063562763,0.010313453655209304,0.5858474155592954,0.9337570477337314
0.732386540063573,-0.977228558708241,-1.8896163783521338,3.3379028291581303,0.8829895451691792,0.7196858655412136,0.7151023866141946
-1.5413121349702625,-0.540392703864215,2.2450423595303404,1.1544712446370586,0.7110130598649461,0.38329958934148656,0.9628335529538893
0.00825108727218565,2.4664753752733644,-0.5527497541739562,-4.238245825601402,0.22693491154834,0.1401361940427014,0.0026119091389265048
-3.3465018584070325,6.87981878483788,4.253879088733835,-7.749782541805455,0.9869013865383718,0.9345988737603582,0.06866215602052705
-2.7624540492447602,3.9538208697803228,3.6901041007295463,-4.238585043736387,0.49565781322448554,0.17024750019622947,0.87252208974832
2.9102744172868267,-3.9329800617196704,-7.18749342631826,15.203536197502949,0.4575953469058378,0.3412999366461179,0.21972378323578523
1.4017244879716317,1.9067285548408894,-2.552894942206727,-3.4835313754908444,0.9575517420707533,0.4786857799406101,0.6740577978076221
-0.5500800276021153,-3.4931684367636744,0.9580008576588284,4.69780212411641,0.6776399584778658,0.4289515862693474,0.9502216500826213
2.4666469608440345,-3.2398371742402508,-5.376588824958858,12.985478957568805,0.6713076363570621,0.9292197701239001,0.4799241664595748
-0.09933156435824332,-3.9398233287793225,0.22575490994788558,5.233787994535188,0.26702871514309734,0.273573081212797,0.5392726856889636
1.8984368986110254,0.03809545600361318,-4.102602916294696,2.4960945407884365,0.7129667758623724,0.23188473534788734,0.5257803414472114
-0.8623374734563202,4.322966518636414,1.7412408987986052,-8.322526341000112,0.8153928738012984,0.023585951060283383,0.6497961822006152
-2.6395670389001036,4.612449765363918,3.3624647324639447,-5.028939718436702,0.7539170049900166,0.3946759775687413,0.5368567543279684
0.5073269089687077,-0.9699206647815882,-1.1544603637156772,3.3218254625194943,0.9627816975716063,0.30215856875891056,0.4066150158659708
-3.3924377811002437,6.675945874626782,4.369409920027409,-7.5051350495521385,0.5173726253844142,0.2661948524909099,0.2685080502716869
2.658927469524969,-3.0405655050872875,-6.380058799309582,12.347809616279322,0.2350980579887243,0.21138715420131038,0.5189371020400981
1.9009154928138594,-5.069594092932913,-4.487366060020402,12.34110700445241,0.9111479650125531,0.7408240328699057,0.5203458842095857
0.1440920549437727,-0.15832211473049587,-0.20847235558028326,1.5363086524070912,0.03856873712582798,0.02944964194442279,0.703543568151117
0.41358076229445007,-0.40580882275639074,-1.0169630960983844,2.0807794100640598,0.8774646709613944,0.2646874340835884,0.532718030142318
-1.709667796566653,0.7624478893183286,2.3321990560481916,-0.4089374671819937,0.3387535803614382,0.6152566051756315,0.6936655928060644
-1.8934195363267055,0.7727238456616156,2.658887116132869,-0.42126861479393934,0.00030204359799801406,0.6832723249634837,0.022500460524296773
-4.286985310270368,9.168268729684947,5.55919873406002,-10.495922475621937,0.9341632726139659,0.28521433032139265,0.9276043387358176
-4.045429459563109,8.39417975737366,5.254499131563716,-9.567015708848391,0.010434191539425042,0.03460377985989471,0.1268997395138397
1.0485143002439121,3.041252780224116,-1.365935550497795,-7.11400889671717,0.14699814711573445,0.09795781763380607,0.38995909871989753
0.5610846447867054,3.2316592073597894,0.8736090034950462,-7.7233094635513275,0.9166014571532216,0.6502191872368714,0.3505813968074438
0.005032500227961099,1.2181412289581162,-0.1668065034119621,-1.491910703707856,0.03483355676462174,0.3499462957420394,0.9186132575149826
-0.5067524115181525,1.4051130698577148,1.4537073516929078,-1.9032487536869727,0.23638877522753843,0.4894015404863571,0.5059589529159182
-2.597194056942404,3.518703378443088,3.4661479619855453,-3.7164440541317054,0.7544022120389469,0.26022492996076163,0.519340086753622
-1.5443085663633305,0.7748588676724937,2.0346580266310674,-0.423830641206993,0.11727757456448595,0.5785665543841267,0.4867443035127692
-2.00184750019972,1.3096165447330437,2.764587495177676,-1.0655398536796528,0.9803942674883649,0.5146120789233287,0.9671459162329542
1.5327876579980635,0.684028070562138,-2.6426507291229857,0.42911017420115827,0.7857310702545275,0.7673216165243564,0.7677287287860141
-1.5440262487180643,-0.3465426639107702,2.2180956325088674,0.9218511966929261,0.9750281400627144,0.7014489816326915,0.30192820863940206
0.7029509249490853,-0.9620934306416934,-1.7977291066258319,3.3046055474117253,0.9018568062268211,0.27561957462064535,0.7982620573218201
-2.487037537430937,3.301682689828965,3.3048903523003186,-3.4560192277947586,0.458003323847902,0.717757594533469,0.1974384036267639
1.897285603632188,-1.083084759392383,-3.606700938668376,6.083871230055629,0.25811410444727934,0.3890867012772228,0.525256663134674
0.7367243906318028,-1.2571660478685276,-1.8196456596605652,3.953765305310761,0.07366692450564416,0.31224162655459975,0.6679433600286844
0.48685632453150696,5.1498760252920395,0.38829430426312106,-13.861603280934528,0.9469797928204335,0.573024863190907,0.12255982400930299
0.9094643553840258,3.265358128152089,-0.8013234762447884,-7.8311460100866865,0.2406246480180353,0.9445318078917551,0.328689538247228
-2.215062239120806,1.7739482430963123,3.069449210467713,-1.6227378917155741,0.5080694601412403,0.37602634275994373,0.041689915725707904
1.4913582973308144,0.08106302140529537,-2.1814774665710317,2.3585983315030554,0.7995375680229853,0.8758266941707088,0.6879976386578216
0.8612201291551667,-1.5090871873351426,-2.151768362493913,4.507991812137314,0.1711644404186533,0.683167548013872,0.570272528903367
-3.9533271721391157,7.781696939171484,5.190372513282348,-8.83203632700578,0.6696454888742247,0.4953886585778322,0.984371445190722
-0.33013489949365526,3.442125011361916,0.2624935809674996,-6.384675024996215,0.6129640476220868,0.6985056095666164,0.803600370866951
-1.86195907810024,0.494314076875142,2.6483329068154418,-0.0871768922501712,0.8602244743152381,0.6529847485748684,0.8432586413011637
1.8013662557110892,0.44215705352204404,-3.816756522569537,1.2030974287294618,0.7257932214890577,0.1226196062961068,0.5731050234566996
-1.9226445121032556,1.9114828196167675,2.5243243778358733,-1.7877793835401214,0.2922147903601683,0.2889043167337436,0.3072078578940345
1.1362964319770226,-1.7832532217486796,-2.97054252124634,5.111157087847095,0.190748701987683,0.3657440915663164,0.8670771625502995
-4.3771472352865155,8.667201253760577,5.802512119852009,-9.894641504512693,0.27487877907103264,0.775906520590263,0.8932145945677246
-4.360715089953379,9.674895900588574,5.60785612813669,-11.103875080706288,0.22559066264117122,0.8794885817511008,0.8791052718651747
-3.170321467385769,5.662116542030684,4.138774067196586,-6.288539850436821,0.9050526204566323,0.9986600412434968,0.29594872456047405
0.7851139998554552,-0.8259607162920738,-2.107854371173853,3.005113575842563,0.8579516739259943,0.36375544062077314,0.2097792024810191
-1.8949931146241321,1.4842240031326983,2.544992679145387,-1.2750688037592381,0.28560390540741754,0.26200064544372403,0.7366059610856102
2.2263784891670944,-0.23094577806635305,-5.547716603725531,3.357026489812332,0.1509138018229026,0.5060564961268462,0.7384455072860189
-2.141876141687293,7.526383281777792,4.970011321914255,-15.370043219911144,0.1295063039205392,0.20181566545870444,0.44638730309157704
1.4842834835023166,-3.1479391738021736,-3.700250654115282,8.113466182364784,0.4222176632114748,0.1654607857064616,0.12442319684946523
0.9614699022496328,1.5083246060941091,-0.2806100669113551,-2.2086387395011484,0.4067920251162379,0.6268685781098445,0.034164075358592894
-1.6637729478857075,5.114260776776131,4.128993525164812,-10.06337370890749,0.1856196784629045,0.5467586334796616,0.6918650746783793
1.2497025166746196,-3.2305724857309475,-2.9068532100004907,8.295259468608085,0.8645152406059013,0.10313700106822565,0.23305355072266543
-1.656049659790447,6.3860066638915995,3.7212513418554014,-12.86121466056152,0.9357581501686562,0.5910319330658328,0.2535279811392933
-1.1834560168375978,-0.8235692550766045,1.6519845582604733,1.4942831060919253,0.2869576836754655,0.5109949405492127,0.06828804821729495
1.3751109192468063,0.5274787851887152,-1.8227711010687648,0.9300678873961132,0.597556641602747,0.7454274410639363,0.6776658111497422
-0.7465499899367602,3.8936183202217065,1.491004457783693,-7.377960304487754,0.760493742690896,0.4263068336099499,0.8615872223910859
3.1974941451416727,-4.354220397750609,-8.371974975241777,16.55150527280195,0.12680848681304513,0.5772007189127368,0.8992748056844193
2.4193007142869605,-2.7094355841733444,-5.3829648174528275,11.288193869354702,0.23655041110826047,0.03764793197597316,0.15245176110322012
1.520387219605999,1.1113990468281278,-2.770493210893264,-0.9384769498500081,0.4772216893481498,0.2784785705742957,0.045073277887423435
0.07654675596578162,5.765956728733978,2.074131365044896,-15.83306153194873,0.37594347022422836,0.9697239295808192,0.2506176683492787
3.657193498568273,-5.495879203913028,-10.063284301105838,20.20481345252169,0.42762111323473495,0.07887537304223213,0.8538597369463279
0.5636535000604069,-0.8273084334257265,-1.3818871324483017,3.008078553536599,0.5667672783176244,0.6161258512550885,0.06095061678017688
1.160597377139974,1.4035261933475294,-1.1837057206694135,-1.873283818712094,0.5735054199525413,0.19711486542473988,0.4396846526003225
-0.647313763052989,3.020069526632298,1.4285739674899365,-5.456152958591057,0.3765071130457457,0.5589652221571191,0.6327007253198793
-2.990767146471471,5.084736491243375,3.9126083970011813,-5.59568378949205,0.7426159624156965,0.9505401690247041,0.9792342103428293
1.1525950978498072,2.1551015307037584,-1.4743177401618741,-4.278324898252029,0.6598087130288424,0.718461880710827,0.39421930417667117
-4.22148604868508,7.961299550838186,5.640125933340022,-9.047559461005823,0.3683769277432267,0.46245453097667855,0.6436556925543849
0.4082195970859533,-1.9260575156039492,-0.5422302184222878,5.425326534328688,0.7393415882000474,0.19481315629477913,0.27174931967233695
-1.9838731911040324,1.9332954040042476,2.630165219129099,-1.8139544848050972,0.7700245229156115,0.15615532645037977,0.6462611989964621
-3.328884454988779,5.163563960725736,4.5039110814004735,-5.690276752870884,0.3393731048742563,0.052209893172644906,0.9058972934347023
2.916282882994027,-2.2308877932423763,-7.960638876734581,9.756840938375605,0.036551911380344304,0.4227011024312356,0.6105912109851342
0.7714035275829948,3.7827606962986025,-0.3697161655102924,-9.486834228155523,0.15150742761158864,0.14925464602139638,0.33716950201198326
-2.3589437513566116,2.4257815235199365,3.2196533028829335,-2.404937828223924,0.09667245723409812,0.6505876959484129,0.6851655418425986
1.1064698779594146,1.894646478275985,-1.1405838348165178,-3.444868730483151,0.4546575521312297,0.7941435010593807,0.191501695822605
2.1107608645877787,-1.698900798472916,-4.354646245725115,8.05448255511333,0.249991167450206,0.3908648583256561,0.23941104093784826
-1.6558537464176695,1.1312117954056442,2.1755427458625927,-0.8514541544867725,0.48018288580379465,0.8005199140493284,0.41087622663469425
-2.475735356217347,3.6459986624915315,3.228215057407065,-3.8691983949898376,0.5066606391036188,0.6610579783607562,0.4996401950875693
-2.0983468943006756,0.9923863862885913,2.9890716470281147,-0.6848636635463099,0.1282846078458293,0.8312697591526401,0.8406959156853298
-1.7633534354500502,6.778282916216113,3.954841212993665,-13.724222415675449,0.4090016370833688,0.3875091821752292,0.468004586459691
2.4901019361638284,-1.6432622537966564,-6.186720701324337,7.876439212149298,0.41804106321728784,0.19511624547097828,0.16281060403069603
2.9133593274935623,-3.491153096918519,-7.395454030497049,13.789689910139264,0.268592716051436,0.4094296669981887,0.804762424917105
1.0429108711519426,-2.533266443372573,-2.439043693450511,6.761186175419661,0.2009292828377609,0.8323780604053348,0.38462603377841376
-2.1363158613425424,2.721862787604303,2.7732402043173336,-2.7602353451251638,0.7691644609269954,0.11276016456851978,0.5814894780443426
1.5484259120506212,0.5354476652965366,-2.6521837567795714,0.9045674710510836,0.7607011520420609,0.12927626724859143,0.07589849537890858
2.9350146964379524,-3.65189156486766,-7.428343365298889,14.304053007576513,0.3996080366471071,0.16104651987375262,0.13579597094872298
-0.1846920311117999,1.4829148861898414,0.37515761673077946,-2.0744127496176517,0.29993107253158013,0.6721704627805642,0.3506997016744823
0.8364559899605101,2.6362470534174642,-0.1782249539397388,-5.817990570935885,0.3302381295793254,0.8820774895283733,0.32727857857082976
2.152641536590756,-2.107950470956348,-4.375304785637198,9.363441507060314,0.514126517093403,0.29805694969327545,0.01338770575585313
1.0473406829434078,2.6378203570985,-1.1838773100237558,-5.8230251427151964,0.22128419830841084,0.24255634268534876,0.3793678177177052
0.6052634136502902,-1.4016105776401455,-1.3455081757624754,4.271543270808321,0.09460743615928457,0.25056792155642205,0.09414978339225477
1.0902010985560537,-2.2575442091763867,-2.6768937578334815,6.154597260188052,0.2895040177631757,0.7836817456860895,0.6362224591661946
1.5724890656536186,1.0477340501613461,-2.9909351607105505,-0.7347489605163106,0.6709419673063426,0.6688114360947777,0.14101080763729124
0.31767825107086495,0.9890650521418052,-1.122227300123736,-0.9879431147119718,0.31724174428281326,0.9223814289789609,0.5847268291150716
1.3793038695991306,0.21053469593522506,-1.7041179333476653,1.9442889730072808,0.23979762229761148,0.13062438800711806,0.9925963980430214
-2.6128554788312424,3.784713878115932,3.4505023346808437,-4.035656653739118,0.806256715031487,0.7262387898885438,0.0066355541141466245
0.7572793611682178,-0.6673249904105384,-2.0643657300492513,2.6561149789031853,0.3967126926840513,0.14046443266551623,0.567618015393727
-2.1705522769342194,3.436148555286903,2.7172589822296307,-3.617378266344284,0.395792512841172,0.45113468532988943,0.7915083695535761
-3.0240655212367447,4.847796269946679,4.010979284319591,-5.311355523936014,0.27949276986106664,0.7427129297100422,0.9944706694137134
-1.8823936031220985,2.1868222974568456,2.407230378658368,-2.118186756948216,0.4600696790702228,0.691915770602714,0.354639643009274
0.6141153530641692,-2.0279495496582856,-1.186157126688535,5.649489009248229,0.5099886293284883,0.3141444882004386,0.19391514383827646
1.2643546989437913,-2.6483124310934416,-3.129954462440983,7.014287348405571,0.15547043516012438,0.7169787914950306,0.46546969944416117
1.4419154372460725,1.417074601518075,-2.5302440388783976,-1.9166387248578365,0.18887409500855024,0.13933797960420824,0.3419552965062679
-1.7122181057636727,-0.37728092192137763,2.523704910010817,0.9587371063056533,0.5195186010895867,0.34880377725219136,0.7671395454814827
-2.744088767082489,3.198713054077645,3.781143828131799,-3.3324556648931747,0.8337564229475483,0.28203056176027574,0.5856910922982912
-2.4653210111533803,2.2670270484938655,3.435795125646327,-2.214432458192638,0.4638042804137966,0.7754598989718026,0.03223794476714914
2.050920799486693,-0.4727321184692645,-4.6058188832881575,4.130742779101646,0.9192677754040651,0.5447871196596462,0.6402943629686187
0.5382935863234161,-1.266235397366856,-1.1668076230341662,3.9737178742070847,0.533141023804106,0.9158781832154648,0.7246218032444871
1.660146304263131,-4.882367536495426,-3.7548465031361227,11.929208580289936,0.8140401349717751,0.540572008881211,0.8296990094731737
-1.469285999594431,-0.3012830574526086,2.0771071655336413,0.8675396689431292,0.5560720553872068,0.30561815625957633,0.3293589404838896
1.4990838917002653,-0.10034004405583472,-2.1389460085155454,2.939088140978675,0.0764030122524989,0.6025992461482482,0.49415077096103466
0.33857126932916853,4.527587766139965,1.367137086439201,-11.87028085164789,0.05182429130457156,0.09025920117564978,0.437067914032638
0.4672343670184086,-0.14739038794603943,-1.2704576440578328,1.5122588534812866,0.2953255291729421,0.06498524647223292,0.6567322968371992
0.2083716382260635,4.400106370786763,2.0433608596778456,-11.462340386517644,0.10573141721314572,0.26052762073281965,0.9420862477365557
-4.398492521452901,10.450136852374644,5.54820447550186,-12.034164222849572,0.17624349691751573,0.8674951822723224,0.7957534717850236
-0.5541076569163205,8.05346455595531,4.078915589491282,-23.153086579056993,0.8824375495380675,0.6627683503432842,0.479708972874589
1.305958681239695,1.1301731497593037,-1.7568529349535207,-0.9985540792297728,0.24623136625940434,0.06396780375882416,0.4346796488785437
-0.5790845737884933,-3.3056719681268096,0.9790786259162085,4.47280636175217,0.9935741966207302,0.8792828268163215,0.2720943002908499
-2.346310032553658,2.712576291366934,3.1500336161378586,-2.7490915496403203,0.5189203184505952,0.9539616134494043,0.8055127876042424
0.893558551058479,2.1942072068515808,-0.2569926791202323,-4.403463061925062,0.05822113631905068,0.8363092399113911,0.5568883642343228
-0.8774028504756104,3.8966055333440286,1.9188140058475727,-7.384532173356864,0.34922885605915543,0.4906113739204151,0.6772965391138492
-3.0148177918231,5.565058564534861,3.8768014691903825,-6.172070277441833,0.7061935012618017,0.5311012444582388,0.4047402757753691
-2.2992405827964157,3.1126509523884707,3.0002943816703063,-3.229181142866165,0.03911909919187895,0.972491374455309,0.8859493415542922
1.6949916936583067,0.33629045295449495,-3.2635248735172344,1.5418705505456178,0.8998214995005839,0.8751428018253777,0.007960283889219877
3.3518056572655115,-6.233996482253211,-8.285108498213523,22.566788743210275,0.5562283275494874,0.5176310625454116,0.5690668299749098
2.647967583738237,-2.4599836233269086,-6.5817821810786485,10.489947594646111,0.2941469722772353,0.39078569239960537,0.8660470322804799
-1.6995142100375196,0.5775242284431898,2.344386887516655,-0.18702907413182812,0.6958526039044532,0.7570385522166747,0.09383668011868063
-1.7489579562020574,8.323052964736483,3.44313553473692,-17.122716522420262,0.6907620636959834,0.7406948589302831,0.2833479278269101
-0.46018926319647985,2.072985731014574,1.100312135994732,-3.3725686082320623,0.7243153366399592,0.08342520341507698,0.6372611084243945
-0.9129263820773748,4.545559360059205,1.84004527444289,-8.81223059213025,0.6448863617293454,0.13308756112646913,0.8070175366269904
-0.22567002491729207,6.033060554028213,3.3975017469086257,-16.68779377289028,0.008654519677464223,0.19351551074573647,0.5667337813408383
-0.4180417543762942,6.95470836606482,3.911104960015227,-19.637066771407426,0.9677331067592027,0.06403715683282807,0.5875555856810049
2.4067104978781457,-2.575701721094559,-5.381463087423988,10.860245507502592,0.3827143902579193,0.09716522092838353,0.5518711159950196
-0.9286340360186769,-1.8317593396526286,1.3619770323102103,2.704111207583155,0.7550689862442723,0.13465718483065314,0.8640190677689973
1.3029431333112185,0.5008823771392008,-1.467224316801543,1.0151763931545597,0.03829726737515593,0.8065184123781465,0.35058958879279
1.173598935603574,-2.590199022043776,-2.8500909075714946,6.886437848496307,0.8059843687833675,0.729190686856203,0.9186282343455153
2.4797469612028116,-2.2822442498394917,-5.8578772425215915,9.921181599486374,0.24543176394820176,0.08953310165568673,0.30465631078893596
1.2509669594294794,2.6504053191715706,-2.1597565275663198,-5.8632970213490285,0.2879507791977052,0.5252108976801865,0.28770625868798916
1.6208728876278313,1.3347239253163925,-3.3470389598842605,-1.653116561012454,0.006318056384135073,0.300738952928567,0.08298279359298055
-2.670833141029191,4.078864323025349,3.5058621990408136,-4.388637187630419,0.88317511769071,0.5232804670554511,0.7426996556968832
0.10057082058688248,0.48605544150815866,-0.2596623679878224,0.11867802868205145,0.47395048274916995,0.9031505282804027,0.6850776822789262
-0.48558093418316584,2.966451737849284,0.9148192430569329,-5.3381938232684245,0.8551196974682387,0.5721226711373556,0.3329693719408706
1.2075882563641736,2.275559906406234,-1.7890755634901248,-4.66379170049995,0.9722299328529341,0.3883655777342072,0.06224333831387552
2.748281988684166,-3.2936763981471064,-6.695161613647823,13.157764474070738,0.5142443668891535,0.9836926888412911,0.8609258859660913
1.2622286049158704,1.6103509958978246,-1.7584932981788497,-2.5351231868730357,0.24995547719128364,0.7510819336360587,0.3903336104760383
-0.9713483323415191,-1.2016673807833766,1.3349564175215414,1.9480008569400515,0.43956736489319503,0.8760033932401136,0.3356173494836968
-1.1799747907220688,-1.0295125840985762,1.6795440642648156,1.74141510091829,0.06623514500735606,0.9906177633675479,0.7417803876288881
1.7573007525670403,-0.1805057917219746,-3.334404793983536,3.1956185335103244,0.869730253043091,0.13019153309451337,0.29121973557075886
-2.0815834068129,2.2217650073708826,2.7574609790235125,-2.16011800884506,0.47022771637363026,0.7037625587748144,0.1436612629805465
0.055853611601971026,1.0798289831010588,-0.29171644760548066,-1.1876237628223294,0.5746175527525229,0.9777310192221295,0.41432673300119316
2.679213756541771,-2.6972565601902017,-6.626899233623776,11.24922099260865,0.7365098512675907,0.4536027816156172,0.8903030662255792
2.2298597532023754,-1.2072050746309064,-5.137280805638091,6.481056238818904,0.35383704327466625,0.23415605062928646,0.7696089407982633
-1.245748242341974,5.473079140580542,2.6515326725630812,-10.852774109277194,0.33696250776022774,0.2253476395102877,0.8859760889038399
-1.58496684346546,1.1615018646742,2.0438958374262484,-0.8878022376090401,0.8499135960601842,0.703637999954197,0.4531628767585416
2.7967369816745298,-3.0837378538628974,-7.017901547815427,12.485961132361272,0.049821406214776154,0.14823639602963412,0.05553175446751202
-0.4210556889905142,1.7675837370493728,1.0639407234360891,-2.70068422150862,0.7726238555679932,0.95889350298517,0.4169719801914037
-1.350386241403326,5.751863592029109,2.9105179581889074,-11.466099902464043,0.43580538781704803,0.5743359127134336,0.776385229381628
-1.749757623578721,-0.20358786820116526,2.5622992596542504,0.7503054418413979,0.15185897317658448,0.6740940251133682,0.34759930344710754
0.28902920977580315,-0.2304797241621802,-0.6616248177116661,1.6950553931567964,0.5394306556671856,0.6994182093431381,0.22006899942851477
0.8279880985802847,-1.6713380078516036,-1.9940996501098172,4.864943617273527,0.7183294090906018,0.44428338518264743,0.6523202287195513
-0.13251483933977548,2.4533006522382137,-0.08760222610232733,-4.209261434924071,0.35889826881712883,0.009297982979170394,0.06402114451381624
1.8318916934737688,0.5654596231287663,-4.016158293836354,0.8085292059879466,0.6850518914245058,0.07937102333060109,0.03863285203527167
-1.1157545169256027,-0.45069810242849817,1.4698369693502835,1.046837722914198,0.7546341042859287,0.9270946308345979,0.9893560931354567
-3.160319918218984,6.058844090103673,4.0558260606563445,-6.764612908124407,0.12242725581980407,0.7602960865536577,0.34544109707319226
-0.9985806640010383,-0.5997061243621846,1.2848829969303281,1.2256473492346216,0.505877752565178,0.11162607162970328,0.08484046537017798
0.928547058268178,-2.608485503261271,-2.0417383906403392,6.926668107174796,0.6862238571651793,0.25644035741728033,0.2176852776859517
-1.8162773542812218,2.030602456497381,2.3147018618367996,-1.9307229477968575,0.29099347935018505,0.6906957704628078,0.9410391653977741
0.915608600521293,-0.4006054662932278,-2.6633010660887764,2.069332025845101,0.08531822128849542,0.9284015916889439,0.888982295421985
-2.657358136777353,4.419626447801451,3.4258868932778506,-4.797551737361741,0.24545148851546206,0.7329189923328739,0.5068347983398122
0.8187759811293723,-0.6880652091394835,-2.259607597584789,2.7017434601068633,0.2013066884094885,0.49728179567863906,0.8716358333794594
-0.8017453108793545,2.968304706548793,1.9500984017317882,-5.342270354407344,0.44148432553115313,0.16176263248234402,0.29520447015751694
-0.5982981762893442,4.4313648521651405,0.8435822925299613,-8.561002674763309,0.85828360594375,0.698629803242898,0.6578084680444665
-0.30484919099326085,2.173380444231399,0.5611871871184068,-3.5934369773090777,0.09521713980354696,0.13143864532427452,0.9620951668764505
1.334410391914732,0.9580136933915935,-1.8171343608814903,-0.44764381885309523,0.6832385668224344,0.7323649214590944,0.8278766442582741
3.479852103766641,-5.300018742613847,-9.303840963914395,19.57805997636431,0.021337256173409536,0.8174505406712756,0.7224713257346386
-1.5176941935727304,-0.7952217865201914,2.24463521162681,1.460266143824231,0.6593001255487334,0.1801741448238423,0.699436825843905
-0.28396905463346966,2.07545861020276,0.5222254501698328,-3.3780089424460726,0.872290527400783,0.021137976050338514,0.8180901443556817
1.9184740325433896,-1.8553773575406745,-3.3698651497717136,8.55520754413016,0.055294506408852695,0.6678995976240352,0.6880661460545499
-0.7407556037927289,-2.390309554695973,1.1178471210732517,3.374371465635166,0.8275148848630333,0.05582563967300658,0.40029551692936394
-2.2097840001701416,2.169160984734011,2.995190468995163,-2.096993181680814,0.3561786446184606,0.7665264635629725,0.245504525200672
0.42744523283645397,0.28709842211306463,-1.2707573602737208,0.5563834713512579,0.6142489585333041,0.6020355512944058,0.04428392358338873
-4.098373106157147,8.76808582772607,5.287780738829359,-10.015702993271283,0.3600997132384691,0.36778556353893077,0.8987655138738918
1.624540348461895,-0.33488920551940493,-2.634210526083304,3.689645457662098,0.5194269799884075,0.7134760696888608,0.49383283550384083
1.4057238902129185,0.42068942731336223,-1.9219454824294226,1.2717938325972415,0.35017879146557696,0.24619179253600365,0.9739028016468686
-1.2802888790555695,-0.7417778704954295,1.8116136187388436,1.3961334445945148,0.597949202213514,0.07183601277048035,0.28478256364442267
-2.1231610743046754,7.6582926116640575,4.8690282163366305,-15.660243745660928,0.4601992637478288,0.9588557003667041,0.43404992987805724
-1.5163481796704232,0.20396581349759554,2.0783342969955965,0.26124102380288555,0.3618968232901585,0.22151081643648574,0.5982802053851701
1.1340066146454946,1.8221629368770098,-1.2401042309589736,-3.2129213980064306,0.9691609917134256,0.2025625823598668,0.8011267082942182
-0.28701299558918686,2.4767869840037564,0.41151095151049416,-4.260931364808264,0.01886187046931076,0.7420479446712167,0.008376244861682758
0.9747505156422894,-2.8871678111427936,-2.1093077001275526,7.539769184514146,0.49893019313374576,0.6154325947472747,0.1422253109687147
1.1370486163591322,1.6919425659414757,-1.1976410898239618,-2.796216211012722,0.8468036909878043,0.5157521322341857,0.07372961938706524
-3.094596691019985,5.998714968269498,3.9482382501641706,-6.692457961923399,0.3478570948239591,0.7295381555448309,0.37515357311719755
-0.6156055969785217,3.6979927155388284,1.1208251320467322,-6.947583974185423,0.71761080671392,0.5105283664054401,0.4411151503859083
1.0635789753943046,-2.0319861151553567,-2.657502487633614,5.658369453341786,0.06356625583663555,0.5083263656298257,0.8800320830428746
1.6177770726801985,0.5649463839542657,-2.995577504228651,0.8101715713463519,0.9463064388917506,0.01075368807534205,0.7393696743938504
0.504598416082055,-0.415785789175538,-1.3121602352246788,2.102728736186184,0.7712752956420292,0.22464532287544192,0.14846916496612894
-0.7489987555362914,2.810059422004775,1.8248744563412054,-4.994130728410505,0.01848118734326476,0.4956361242916143,0.9252885603432962
0.6924364531618626,3.745747131588154,0.022788977158436485,-9.368390821082087,0.6840003387690605,0.735379943298829,0.36453711217996354
0.17801573674268206,5.777970851920079,1.5853291236324234,-15.871506726144254,0.8409067148104783,0.33346888048077183,0.610700924551318
-1.1750353098701207,-0.8921936923884851,1.6481927133683125,1.5766324308661814,0.944961544810606,0.0031025527525399,0.6457559899843928
-2.4099007882340997,3.045125993113237,3.209125778088982,-3.1481511917358844,0.757099538365949,0.7739493848039315,0.2222497619017446
-0.22813854201118,1.8412165265503786,0.40975137569845743,-2.8626763584108335,0.6147052679183659,0.9507627444752216,0.9416024230006184
2.1491583964653724,-6.834512113247473,-4.769928974220045,16.223926649144445,0.9035607968251884,0.20022247366240953,0.0566002862773769
0.6882831565212064,3.71472512225252,0.056150717175538635,-9.26912039120806,0.4810723360564345,0.8921612738264109,0.8733002709312511
-1.920703330640923,1.6878800842370063,2.5575326720187146,-1.5194561010844077,0.08651187571795527,0.07698769717935605,0.12817377650118655
3.006958437650772,-3.568781361193731,-7.807542175102823,14.03810035581994,0.6391953930285373,0.42701000217798635,0.4344755474354174
-1.5199760336958692,-0.2420464123831045,2.157976294765386,0.7964556948597254,0.35703051209997827,0.3309959114893636,0.7865225448064714
-2.8886591844353107,4.817975968886677,3.7738927289432724,-5.275571162664013,0.706482135210246,0.9769207207493679,0.12185881573093149
-1.7894222777484574,1.3287944531248608,2.3818271961256827,-1.0885533437498327,0.08748002504041497,0.983158717861838,0.3391276812922187
-3.67731952456612,7.226972835950279,4.788123663615524,-8.166367403140335,0.7006851168350082,0.9854635509199786,0.691121037312046
0.8008673182445536,3.440242461170078,-0.3603039801750555,-8.390775875744252,0.5248999358069641,0.9675290125491168,0.3412193239894825
-4.028844574733239,7.449443511688681,5.379825038109601,-8.433332214026418,0.23079016714483425,0.2889414339775809,0.11744648378050049
-0.5737112696049257,2.44384416051763,1.3607152968952971,-4.1884571531387875,0.3445055956305607,0.32197293976271035,0.8972378768968159
0.19547945509977513,-0.08935491691946489,-0.3975705634906757,1.3845808172228227,0.27012155116658443,0.8261190391309996,0.40787429173470624
-3.016821751042228,4.866352586242905,3.994990532320512,-5.333623103491486,0.0890128990630783,0.27791233118985936,0.7654829084889195
-0.6794251588606374,3.0966140815972634,1.5107607822616451,-5.6245509795139785,0.8258199015112372,0.2141329515982735,0.04559655904844917
-1.4169287142148737,6.592381736527416,2.875768200479191,-13.315239820360315,0.9680760938526104,0.6285653520160007,0.7073621423817449
-0.9013425337308659,7.908438959893946,5.7970878099408205,-22.689004671660623,0.1192213394962427,0.4141281132968969,0.5623174416735565
1.8847859383949577,-0.7542625068871698,-3.69096435377036,5.0316400220389434,0.301305940531562,0.6119195604495016,0.49910017147665564
-1.043012200928338,4.156566394349409,2.3832178490572655,-7.956446067568701,0.5480455550158357,0.6054784565379632,0.5546610598358986
-4.299747941704008,8.570353061528385,5.680081574938334,-9.77842367383406,0.8651600529671956,0.6507384376295587,0.5318483054199479
0.589573717621486,3.1239508570905006,0.784957966449105,-7.378642742689601,0.7097007522034674,0.20531172910066664,0.5287138555015193
-0.2944856980770256,2.4330203614984085,0.44915493376722293,-4.164644795296499,0.9133872079800056,0.9683768856301821,0.010547036146803301
-2.612107298346372,3.7251322445024457,3.4589384009682225,-3.9641586934029345,0.29578512409296454,0.8867100397160655,0.9536914986446651
0.6023670242432183,-1.2339246539899942,-1.3864452683710782,3.9026342387779875,0.6572068837309715,0.1085505438926434,0.5542657916678513
-2.639220315700495,3.836614410707795,3.489104445006224,-4.0979372928493545,0.8841854292057401,0.5109918371005189,0.3854327419887248
-3.3811257715584753,6.888615551985925,4.3143108422291085,-7.76033866238311,0.18671793798082525,0.4253892270290095,0.4347423194840717
-0.07962478309993334,2.5118660254398106,-0.27849549381060623,-4.338105255967585,0.46517184896071095,0.07141902721098037,0.6340166482053571
1.3709720842299735,2.1406523814416083,-2.508665995579743,-4.232087620613146,0.45904073830871783,0.2461231412021836,0.11987271587291914
1.3370947894397989,1.9653923863451928,-2.2705643569403615,-3.671255636304622,0.14971763149757233,0.9743873867203003,0.14625005598024543
-2.4750285424477205,3.9559010353794077,3.176119038398297,-4.241081242455289,0.21862160440912826,0.7854988368303681,0.9827613900563279
-2.988590687158011,6.404938833096933,3.6921677791038836,-7.17992659971632,0.8256410209152523,0.5319221464239996,0.6148152458380798
-1.6595511545479587,5.748064749036348,3.924564671017418,-11.457742447879966,0.9044119979695202,0.8879749099019285,0.8893544517878963
0.5023856743111005,-0.9568810533249231,-1.1421928636855638,3.293138317314831,0.07346085748173403,0.19093696400960258,0.6443584987055488
1.8586592417249206,-4.7742686960857075,-4.437733720756448,11.691391131388556,0.4411807139567091,0.38087059841229787,0.7060271473954943
2.076194859746381,-1.2102801581887621,-4.403650658116014,6.490896506204038,0.27489913597969984,0.6980990685371077,0.16348915552795207
-0.33557165948139545,6.043538159612599,3.916651418244824,-16.72132211076032,0.06060613771834311,0.20194968649694434,0.12706009592872047
0.4797841833893407,-0.02373450357216553,-1.3487598191812171,1.2402159078587642,0.4320928146708065,0.7566369015078077,0.2555682493519964
-1.5122742137958898,6.346948351910805,3.2619513370703355,-12.775286374203771,0.7907831340675728,0.8587443691516234,0.6942294497062129
-0.5144754249186303,2.7960004836295407,1.0607430812390608,-4.96320106398499,0.6925108465645389,0.363969496195901,0.12788217835958848
-0.861655041499012,-1.8055765407721038,1.2379874635824346,2.672691848926525,0.6728597176744818,0.067779273733794,0.38029215169003294
-2.1228874251747025,1.7836465434505235,2.903137375703051,-1.6343758521406273,0.7709806202872365,0.14448418801794627,0.11715387891227436
-0.21937038880587034,2.168999329642479,0.2824539790153795,-3.5837985252134534,0.08795959888909943,0.897233611994176,0.27216338111064275
-2.9797211089926274,4.475838129037111,3.992745425408075,-4.865005754844533,0.2685668226432327,0.7872251171739562,0.45457889791859063
0.19335328230042573,0.22654274488997614,-0.4856012337842796,0.6896059612420526,0.772673224490902,0.5955747393051845,0.7804662683961405
1.1968995750363527,-2.448824686619964,-2.9689438458333854,6.575414310563922,0.0574463567202802,0.7994525293447262,0.6108336598598937
0.5648836315645748,4.17855432753791,0.4413235923548248,-10.75337384812131,0.3829276431732852,0.9503800145664073,0.8570534644845982
-2.113515997856773,1.850334030920095,2.8754514961341306,-1.7144008371041135,0.9511163941897435,0.14102201452731056,0.026364914374957138
-3.067339599597146,4.4582549500293185,4.152208227908363,-4.843905940035181,0.400918794273019,0.7574441722383409,0.44841595962176584
-0.47242687920928295,3.4780822287037436,0.7178659254107272,-6.463780903148239,0.2047269135563281,0.1581867956647397,0.6842147672131743
1.7708738018616148,-0.8102894245601265,-3.1236130168336524,5.210926158592405,0.07342024158415894,0.3167911701019779,0.5640062305306638
-3.577035902951472,7.6082484135954305,4.546371614842948,-8.623898096314518,0.809087430906275,0.7285236788404786,0.5477607963446849
2.529512690950944,-2.054260913923944,-6.194756423880069,9.191634924556622,0.34875918428703123,0.2953708152487867,0.7811943113671299
2.1827986779258404,-1.3868122133267686,-4.834450803509418,7.05579908264566,0.34290370672474213,0.8027352848666808,0.47073314699101965
0.38795299381668974,-1.4244489666817568,-0.6266750113440509,4.321787726699865,0.49234558030193243,0.35933812707130197,0.2932406108020664
-0.8209904777394701,4.0447137152623815,1.689453455140915,-7.710370173577241,0.1710941523733187,0.910697245197609,0.6438661334910432
-2.1341933346019086,3.3389690373983387,2.668223958722532,-3.500762844878007,0.482463204738231,0.9456724307417153,0.4014966879043472
-3.1237514634002816,5.8268581204520435,4.02852876519657,-6.4862297445424515,0.8044458144466665,0.204014320898681,0.675759500673739
1.450008138780138,-0.38759923519900863,-1.779427033293982,3.85831755263683,0.8266567260389998,0.1188647630484565,0.25503461992575327
-1.810815291829864,1.9899508651766906,2.3116089119748886,-1.8819410382120283,0.6725784534766868,0.6709663100959383,0.5758798413328392
-0.20703100602724558,1.681701067517234,0.38856701814811,-2.5117423485379153,0.20265270448978312,0.3484203548681606,0.1215933584629757
-2.0965950040444516,3.087148536814877,2.642339657304047,-3.198578244177852,0.8283843629593584,0.4999566800540568,0.1907821527257042
-2.703953319303007,3.678044459818342,3.6307956174892717,-3.90765335178201,0.7712203308602087,0.22073121352436798,0.4616598391047513
0.6360586708167933,3.4966716664771247,0.4004035908571728,-8.571349332726799,0.042361028627715736,0.830419057373043,0.24570630034084917
2.6825193693168745,-2.3114057297577504,-6.811427063785802,10.014498335224802,0.08544382665821315,0.41691353116443886,0.11432417997347566
1.2244072201221583,2.198669442897065,-1.8355931276047426,-4.417742217270608,0.280675278871403,0.6952691308822947,0.28360630902820994
1.7402431524983166,-0.5705647046886257,-3.082501655897959,4.4438070550036,0.030798281325964738,0.7754021106220211,0.8809943568194163
2.533061956614263,-2.732982469018878,-5.9147906902513645,11.363543900860412,0.19184720785046794,0.08009543056716939,0.2076776515661778
-2.2728148738446605,3.736330856701573,2.8507688570519254,-3.9775970280418878,0.7888757787244352,0.4110176562598812,0.6389348141631491
-0.8774731310647004,4.225491196159231,1.8201419560245231,-8.108080631550308,0.3785594381330075,0.16104581453681488,0.6940047037641949
2.5855959057472018,-3.245950903406105,-5.940761964315504,13.005042890899537,0.36648282578753477,0.4486879896403403,0.15974379868550792
2.100319626568454,-7.2567903088139065,-4.482933259214767,17.152938679390598,0.6180599662363523,0.3319749285361664,0.6845701913185199
1.6187632637418607,1.0051006372141331,-3.1928050693901264,-0.5983220390852253,0.10077382385621647,0.8880928806520326,0.24476337178861718
2.876473296849901,-2.5946510512768968,-7.611813869897401,10.920883364086068,0.41884634233704754,0.6157286081916175,0.16908454339514079
-2.6976424359968494,4.813375851334314,3.4332907315913315,-5.2700510216011764,0.1515719275408166,0.11097161119741383,0.5767824995612998
0.17930568504639083,5.302976306217819,1.78694931515991,-14.351524179897021,0.7916286147413807,0.6484905976530186,0.8326950467655733
-0.3655810780687146,2.846203033103302,0.5578297566098894,-5.073646672827265,0.43558850301686247,0.8565625715443367,0.24536456083763836
-1.5116898785938513,0.14929641414395464,2.0789770330951827,0.3268443030272548,0.8148697865813272,0.019969231879867766,0.560899149518442
1.9659323371910025,-1.1661305968516733,-3.897509639329051,6.349617909925357,0.5924013053363653,0.8061808881565763,0.5116070789198455
-1.119135335586442,0.04016824807006262,1.3953624554221205,0.45779810231592505,0.4414028212801513,0.15089872238243462,0.5745817670456204
-2.46887266476522,4.15129487937674,3.1330679617114443,-4.475553855252088,0.25753167070389205,0.20968037330034173,0.6716564417987491
-1.4131174682475396,-0.9376277137019591,2.0811100070870028,1.6311532564423503,0.14040255136663993,0.6921723405546225,0.008542119895015077
3.678242586417028,-7.3538487923090035,-9.350898436476633,26.150316135388813,0.48929655814941075,0.9176753961706887,0.25216890892277255
0.9221773470299383,2.338349252607786,-0.45642380741859245,-4.864717608344909,0.974122818492889,0.25619068332301276,0.6327394338766331
1.7359117442938836,-0.5520350606576067,-3.0699655232538556,4.384512194104343,0.0710377550328033,0.34997741899472434,0.34410535393573083
0.48164988129624714,0.023324492764510707,-1.3690238830206292,1.136686115918077,0.43114395846369846,0.6074271255506998,0.9744835570008445
0.7015477791869689,-1.8728079082331848,-1.519262504155385,5.308177398113007,0.5690231122657055,0.7291056961587571,0.6440149964524652
1.736820654226787,0.8696345961290117,-3.696149530967391,-0.16483070761283786,0.017940063331562506,0.7212910763780785,0.31159847633205773
1.311120630679454,-2.9218590241101507,-3.200910992831792,7.6160898530423315,0.9166598914435002,0.8883113056810426,0.9014711509507916
0.1826007241871769,-0.9955547635061506,-0.08286460921067082,3.3782204797135313,0.29332593513677974,0.6124376725259432,0.7680190551118189
0.9873838823784941,-2.4034264215382075,-2.296168313776037,6.475538127384056,0.23967720803546166,0.048670843776685735,0.12514827711837706
2.5065709770099094,-1.478509667829324,-6.337267822786627,7.349230937053837,0.9234145569943794,0.5780383202808991,0.7437905337028091
1.2512459123115482,0.5631312609391267,-1.2480911725199162,0.8159799649947936,0.4667707889545102,0.39186892292123254,0.6501129774682323
2.9947820075503384,-3.5594919660269904,-7.753579066668367,14.008374291286367,0.6369118752020151,0.11495365937124347,0.926510468495006
-0.8502493346606323,5.0563429974145615,1.4810964727519664,-9.935954594312037,0.8155258980961204,0.3884747311899236,0.014112140475174728
1.2142075909376153,1.5687721593179036,-1.5114637088029128,-2.402070909817288,0.39895995689577723,0.467495639264226,0.040449931236511305
1.5630711862744346,0.9527162749874283,-2.9044928295497914,-0.430692079959766,0.7946603803827735,0.0337345677213855,0.2649236894878697
-2.4448862543778427,5.3019388050377065,2.901464322536665,-5.856326566045247,0.5200110888113434,0.7312636424508191,0.8495024778249125
-2.207342138196452,3.225002863982693,2.8176382865409586,-3.3640034367792313,0.2773463229381442,0.05430918330061063,0.8277446800337587
-0.4461620041747618,-2.7549074485319855,0.6511980695218708,3.8118889382383823,0.01639193964041774,0.15682314010153797,0.008659108048469144
-2.0651310930503315,2.0094238423525828,2.7628899273961403,-1.9053086108230992,0.9705927544452413,0.0005070290462929616,0.8048101797702939
0.069444113017485,5.597517069576714,2.1816559835032647,-15.294054622645488,0.4231628317020515,0.8061102961712916,0.7952430091425269
-1.9001895459710196,3.3385415288299245,2.2501175277833014,-3.500249834595909,0.5264978420166276,0.2560003520565214,0.4160486772862828
2.349679771194482,-2.4352701954526554,-5.171111169465491,10.410864625448497,0.2704918100527621,0.6256082891717013,0.668131501028831
1.855869692913261,0.2609787429552283,-3.997241670197279,1.7828680225432734,0.1195516335802258,0.03471576650163022,0.16696721692241068
-4.3730631891107175,9.525146194412596,5.654486064334496,-10.924175433295114,0.8235755183164933,0.5296527354024358,0.2151603597563454
1.3589809339668533,1.9612759251090792,-2.3730614885343546,-3.6580829603490566,0.18481214245354127,0.3181153855502241,0.6008667254206184
2.7124390850073192,-2.94665384972257,-6.67614457442961,12.047292319112227,0.3970183852793916,0.21613386086377928,0.47683342992258915
-2.2131707246237626,1.4432977270007628,3.1203051785678064,-1.225957272400915,0.41031363152253375,0.017426780822533905,0.9997343315298763
0.00013138710365326764,-0.4784160809305887,0.3594385503301794,2.2405153780472946,0.02228328232568133,0.2794193081488492,0.47493626304645153
-1.0129022303653046,-3.2501137790838386,1.745219483351461,4.406136534900606,0.08438601818885283,0.45556068151993623,0.4179930512134111
-0.8546625318438179,-2.5402421026378175,1.3459977902888245,3.5542905231653807,0.038192433289918726,0.7356728010072572,0.2650213438255319
-1.1091813194737705,3.7015701029649803,2.736831241614525,-6.955454226522958,0.27326948099781545,0.14266960082727775,0.26981819678753416
-2.020436563082605,9.153293207635006,4.08290039387536,-18.94924505679701,0.5377738060654649,0.6780197090329223,0.0716468349346997
0.08529227349959631,2.356447712663327,-0.7720691779931168,-3.996184967859319,0.2953117253141142,0.519059056257139,0.6599780592056281
-2.846581324196217,3.581194999614843,3.90156514344692,-3.7914339995378112,0.32817384312821696,0.11174809958361331,0.3333527809804039
0.94110222351525,-2.639474413086226,-2.073553396560004,6.994843708789697,0.5508367939024915,0.25808443884419463,0.5495153537479641
0.2484861002005932,1.6555749900976462,-1.0959683785426737,-2.4542649782148223,0.9767900687205104,0.1485208778965077,0.2997826783079286
-0.4583810990529453,1.2936071966196199,1.3287623862590734,-1.6579358325631641,0.08033544865711517,0.35938795850505767,0.557925049659295
1.0931758680072055,2.0898028545734575,-1.162595025367187,-4.069369134635062,0.4509381860647039,0.15768794149625487,0.5881105865949717
-3.3380993732157127,6.085905160647582,4.369088105352649,-6.797086192777098,0.7308792918561442,0.8492129007615884,0.8174190732826012
0.9702264596817135,-1.987748100906339,-2.3649586987134343,5.561045821993946,0.5863168617440135,0.6674949109200297,0.3092389915344488
2.5284581546618607,-3.7932572017053032,-5.429076573988016,14.756423045456971,0.8961152712679521,0.08492180809422134,0.22595880408793456
-1.3714817617397514,5.750243477374959,2.9801195463453927,-11.462535650224913,0.012402435085151153,0.010873709435662682,0.971784741509631
-0.10890373927527286,1.7297055650972282,0.05264079312874185,-2.617352243213902,0.8114871407958654,0.5126170507477479,0.7713418529893158
2.4809271380802542,-2.758585279376918,-5.655144973224776,11.445472894006143,0.5007694228899079,0.2242757423028402,0.8414494156022371
1.4295523169291087,0.255850418482953,-1.963396835810107,1.7992786608545501,0.835456248533445,0.7421825917215148,0.03971116117850182
0.7012985574336176,2.564487982582147,0.49725155550343253,-5.588361544262867,0.988522842539541,0.9973160332479193,0.871646299299474
-1.7962653671604225,1.1479654446707976,2.423717302619818,-0.8715585336049557,0.43610500041436284,0.4164260674168774,0.6089318976646044
0.26627585382501806,1.1066097628557798,-0.9891677116495311,-1.2465414782827153,0.5691231935464408,0.5001655993103192,0.013019199644093371
-0.4395336087086932,2.9623034571619673,0.7652037474573291,-5.329067605756329,0.719825337234869,0.1396466451584093,0.4517313013984703
0.42537681541450817,-0.8384530432266449,-0.9255055002366419,3.0325966950986185,0.9669632661929466,0.17402087798864196,0.9141566026260763
-1.807597345267261,0.4397430951536317,2.5601369639919764,-0.02169171418435842,0.4519902264987691,0.476416264953227,0.046670007114494205
-1.9449205348453793,6.61265517704999,4.599509533581987,-13.35984138950998,0.3169778973717856,0.014708628576139637,0.900993563145893
2.7953536277334106,-9.669091499952485,-6.034618830012816,22.46000129989547,0.8615276682860796,0.21826961462532568,0.4435554251662387
1.3167109779778723,-2.3529667229856526,-3.3903033838152714,6.364526790568436,0.6447600786595777,0.49642806402414663,0.9125995369413414
-2.2885921385919783,3.26936098713634,2.955560120284452,-3.417233184563609,0.4543420396911281,0.6447709086819319,0.9260658971132433
-0.6383663814501228,2.6032426882624797,1.5246079549857146,-4.539133914177456,0.6676907872948886,0.6071438710091384,0.6391674180012591
-3.205220791278226,6.011536968385691,4.143825911326025,-6.707844362062829,0.7367436884903051,0.8965451862718292,0.6626018098301937
1.8654236194141607,-0.04374394492614594,-3.9094818248088496,2.7579806237636677,0.3467828897899391,0.5080793650010019,0.6323699125165624
-2.814018565659822,4.4963936865495775,3.693254932781075,-4.889672423859493,0.02110247366908824,0.5591500934741139,0.9452083706756303
1.0632948321492728,1.3537271901777295,-0.6982310070394538,-1.713927008568733,0.36226269446100245,0.7716644817083356,0.44403218618175166
-1.9789769853816375,1.1417299458053007,2.751254966938401,-0.8640759349663594,0.933973342701748,0.6418202194535629,0.6103744378541249
1.8880242968342256,-0.8337121148181089,-3.6716445873528754,5.285878767417949,0.27243020290855346,0.012112664772083614,0.33737685244691795
1.2016387571322031,1.2428822249519142,-1.3090197985715666,-1.3592231198461246,0.8479836317287269,0.1389880988176918,0.5045959661287915
-1.9693565184673927,0.9782451406533358,2.760878920722332,-0.6678941687840014,0.8365963196268432,0.9256063073839778,0.8798966477711696
-1.7374107120496882,0.08490034784168496,2.492914337714764,0.40411958258997727,0.4441438621341659,0.10895128672158128,0.38274660931356774
-2.0139213829416236,1.7050908679972387,2.721294962103325,-1.5401090415966867,0.3711309459908544,0.7688036647230833,0.3520163006224175
-1.2044898537019564,-1.0691888355769343,1.7298617633864748,1.789026602692323,0.5166120111627378,0.9934908505075766,0.08072745190160391
-3.219481753662422,5.688612909699912,4.22227980768768,-6.320335491639895,0.4097662823561009,0.031037816722561118,0.9718065925368067
-1.0225049198165335,5.224962237828423,1.9947433017497933,-10.306916923222532,0.47799365421813234,0.21253503596308598,0.5676858516161615
-3.158376105290562,5.2617477436145155,4.183099107911976,-5.808097292337419,0.5126145408845479,0.951716836968842,0.574861056557086
-0.04487520051228497,1.263402080073492,-0.016906767149477447,-1.5914845761616818,0.8053950010118813,0.7185965469814922,0.08399040489148069
0.5585625445472411,-0.7381064642151611,-1.392032608508056,2.8118342212733545,0.7293158845278455,0.8748018936747115,0.4221618036367577
1.4581205273724618,1.5968002905553125,-2.68608269782217,-2.4917609297769983,0.8001374553321238,0.35980013681223955,0.7340670502400986
-1.1755070449604195,5.282943816294522,2.4785817032652098,-10.43447639584795,0.040281232456367055,0.23688738063329473,0.7522370929619029
-0.5981081577114506,-1.7202421291208625,0.7530186109315103,2.5702905549450348,0.6360405647356188,0.8935370321481524,0.7467284800353441
2.0677622366364825,-0.6181799243138474,-4.622455871580749,4.596175757804311,0.12049761247319479,0.7596923746679064,0.5830429970495448
-2.2125867645160704,2.4167299150190726,2.9595907211752297,-2.3940758980228867,0.11026321231539338,0.20642602518124564,0.2343859026161884
0.1629570645120736,-5.087488559318975,-0.05471795447716844,6.610986271182767,0.371502848653819,0.18555894192212363,0.1274463824939852
-0.7658459019110458,-3.036888050398135,1.268742227221447,4.150265660477763,0.2471399783185645,0.6680408278246833,0.7244323883883452
-2.091726976986808,2.7402821360403955,2.69053631929354,-2.7823385632484743,0.9968752402794717,0.49467350133176813,0.7721083150659733
0.43153231211856696,4.250605914818573,1.045288898069728,-10.983938927419434,0.6581513065392651,0.777793161355759,0.23734346046027188
-0.011063748639663685,-5.187204921186231,0.2726223551448822,6.730645905423474,0.5462770808260575,0.08939851803855736,0.9832591284990588
1.847911890061057,-5.248993554855438,-4.259763626912576,12.735785820681965,0.2632993354418439,0.9973378346082475,0.29063015839865114
1.2905635901052768,-3.8463900302117557,-2.855536371734473,9.650058066465864,0.7574296036867358,0.019971582969321555,0.6538786184730059
-4.375314321486844,9.64699815561142,5.6385217230891485,-11.070397786733704,0.20051041243183665,0.5602658977585624,0.13385874327602965
1.827159908727153,0.29673701039389755,-3.876067149444711,1.6684415667395265,0.5390268569016335,0.3527941241866749,0.7389991380909305
-3.0001217925929664,4.325265870289291,4.053900657823719,-4.6843190443471485,0.12121220570994107,0.407547427503951,0.07698720813427451
0.9474665286111048,-1.676368934371871,-2.3840290336169274,4.876011655618116,0.5009576147032033,0.10659424845665977,0.7485029330836546
0.39424003298782195,3.8066774652026667,1.4171828220470866,-9.563367888648536,0.4305270119092861,0.21241865100862667,0.10493667723537847
-1.0801989890475114,5.351933835564846,2.1455811891052243,-10.58625443824266,0.7817282616099636,0.9745732872402462,0.6172003349155863
-3.5469118078912625,5.895355674729186,4.773502040981038,-6.568426809675022,0.8148308065957527,0.05443991779350743,0.5180699789384527
1.8526367085952475,0.020855214246278397,-3.87680253812709,2.551263314411908,0.9348652380391334,0.700549337824214,0.09617310951376601
-1.9426682711723047,1.8722538371815463,2.5665425256939645,-1.7407046046178554,0.2671760822211676,0.7177372477682309,0.059602384569465316
0.8182840354195149,-0.8982532958783299,-2.1947882155563514,3.164157250932326,0.8646740265483158,0.9725817992807249,0.9637709615848047
-3.688552209550496,8.021699038826723,4.677839070266863,-9.120038846592069,0.7216900805680243,0.2562538342253906,0.5804966968540116
1.2322227396678738,2.7411835745589492,-2.110138878339452,-6.153787438588639,0.4199974112558922,0.8863316327211784,0.39878710877429346
-0.45793073125025346,-3.2616443991321,0.7553488197321928,4.419973278958519,0.7088550527993518,0.7194589657282044,0.27811751814022334
-0.036936603921764705,1.9438037310012988,-0.24752565848836425,-3.0883682082028576,0.584935030596256,0.24781036877500917,0.010817823185550357
-2.641044065296504,4.402348083493127,3.3995669749353117,-4.776817700191752,0.9474132830114378,0.700165004171361,0.5084189511616701
2.3830256083868773,-3.9669751086654608,-4.660036520781348,15.312320347729482,0.03933583115530159,0.908763716833438,0.07359060974681053
0.9202287315831952,3.0168868920718728,-0.7439369412854538,-7.036038054629992,0.05372025701420391,0.03132126695917836,0.4451693287387395
1.3113480075397939,0.5725555181609082,-1.5386280266082193,0.7858223418850949,0.24647847322496763,0.6589146752085245,0.5282286816848889
-2.293508050052554,3.782527349378729,2.8801710508433054,-4.033032819254475,0.36643655014617427,0.41125094404868323,0.5324304895983237
-0.3629236890450842,6.248395865753976,3.9573898056519585,-17.376866770412725,0.47613594644559565,0.0847546346689656,0.9215007333365867
-0.3115069396026851,1.9669404495994134,0.6450802122432182,-3.1392689891187096,0.1477147497485234,0.3170731442709763,0.5135368005766683
2.2281731514632264,-1.587429722391972,-4.962929269120929,7.697775111654312,0.6073505984411248,0.45775133221345654,0.3741607043240963
-1.0989460584080695,3.9033234036464974,2.642626739040369,-7.399311488022295,0.575269058626257,0.9131456394960822,0.09393655437987014
2.8691578618651326,-4.606363088934895,-6.697009294188648,17.358361884591666,0.6266163403574139,0.9833725574617908,0.6965024894553378
